[Licensing::Module] Trying to connect to existing licensing client channel...
Built from '6000.3/staging' branch; Version is '6000.3.10f1 (e35f0c77bd8e) revision 14901004'; Using compiler version '194234433'; Build Type 'Release'
OS: 'Windows 10  (10.0.19045) 64bit Professional' Language: 'ru' Physical Memory: 16236 MB
[Licensing::IpcConnector] Successfully connected to: "LicenseClient-Admin" at "2026-05-30T06:35:02.2471452Z"
BatchMode: 1, IsHumanControllingUs: 0, StartBugReporterOnCrash: 0, Is64bit: 1
System  architecture: x64
Process architecture: x64
Date: 2026-05-30T06:35:02Z

COMMAND LINE ARGUMENTS:
C:\Program Files\Unity\Hub\Editor\6000.3.10f1\Editor\Unity.exe
-adb2
-batchMode
-noUpm
-name
AssetImportWorker4
-projectPath
F:/GitHub/RPG2D/RPG2DC2113
-logFile
Logs/AssetImportWorker4.log
-srvPort
54999
-licensingIpc
LicenseClient-Admin
-job-worker-count
11
-background-job-worker-count
8
-gc-helper-count
1
-name
AssetImport
Successfully changed project path to: F:/GitHub/RPG2D/RPG2DC2113
F:/GitHub/RPG2D/RPG2DC2113
[UnityMemory] Configuration Parameters - Can be set up in boot.config
    "memorysetup-temp-allocator-size-nav-mesh-worker=65536"
    "memorysetup-temp-allocator-size-audio-worker=65536"
    "memorysetup-temp-allocator-size-gfx=262144"
    "memorysetup-allocator-temp-initial-block-size-main=262144"
    "memorysetup-allocator-temp-initial-block-size-worker=262144"
    "memorysetup-temp-allocator-size-background-worker=32768"
    "memorysetup-temp-allocator-size-job-worker=262144"
    "memorysetup-temp-allocator-size-preload-manager=33554432"
    "memorysetup-temp-allocator-size-gi-baking-worker=262144"
    "memorysetup-temp-allocator-size-gi-baking-worker=262144"
    "memorysetup-temp-allocator-size-gi-baking-worker=262144"
    "memorysetup-temp-allocator-size-gi-baking-worker=262144"
    "memorysetup-temp-allocator-size-gi-baking-worker=262144"
    "memorysetup-bucket-allocator-granularity=16"
    "memorysetup-bucket-allocator-bucket-count=8"
    "memorysetup-bucket-allocator-block-size=33554432"
    "memorysetup-bucket-allocator-block-count=8"
    "memorysetup-main-allocator-block-size=16777216"
    "memorysetup-thread-allocator-block-size=16777216"
    "memorysetup-gfx-main-allocator-block-size=16777216"
    "memorysetup-gfx-thread-allocator-block-size=16777216"
    "memorysetup-cache-allocator-block-size=4194304"
    "memorysetup-typetree-allocator-block-size=2097152"
    "memorysetup-profiler-bucket-allocator-granularity=16"
    "memorysetup-profiler-bucket-allocator-bucket-count=8"
    "memorysetup-profiler-bucket-allocator-block-size=33554432"
    "memorysetup-profiler-bucket-allocator-block-count=8"
    "memorysetup-profiler-allocator-block-size=16777216"
    "memorysetup-profiler-editor-allocator-block-size=1048576"
    "memorysetup-temp-allocator-size-main=16777216"
    "memorysetup-job-temp-allocator-block-size=2097152"
    "memorysetup-job-temp-allocator-block-size-background=1048576"
    "memorysetup-job-temp-allocator-reduction-small-platforms=262144"
    "memorysetup-temp-allocator-size-cloud-worker=32768"
Player connection [9604]  Target information:

Player connection [9604]  * "[IP] 192.168.31.11 [Port] 0 [Flags] 2 [Guid] 877767896 [EditorId] 877767896 [Version] 1048832 [Id] WindowsEditor(7,AndrewPC) [Debug] 1 [PackageName] WindowsEditor [ProjectName] Editor" 

Player connection [9604]  * "[IP] 192.168.56.1 [Port] 0 [Flags] 2 [Guid] 877767896 [EditorId] 877767896 [Version] 1048832 [Id] WindowsEditor(7,AndrewPC) [Debug] 1 [PackageName] WindowsEditor [ProjectName] Editor" 

Player connection [9604]  * "[IP] 172.18.0.1 [Port] 0 [Flags] 2 [Guid] 877767896 [EditorId] 877767896 [Version] 1048832 [Id] WindowsEditor(7,AndrewPC) [Debug] 1 [PackageName] WindowsEditor [ProjectName] Editor" 

Player connection [9604] Host joined multi-casting on [225.0.0.222:54997]...
Player connection [9604] Host joined alternative multi-casting on [225.0.0.222:34997]...
JobSystem: Creating JobQueue using job-worker-count value 11
Input System module state changed to: Initialized.
[Physics::Module] Initialized fallback backend.
[Physics::Module] Id: 0xdecafbad
Library Redirect Path: Library/
[Physics::Module] Selected backend.
[Physics::Module] Name: PhysX
[Physics::Module] Id: 0xf2b8ea05
[Physics::Module] SDK Version: 4.1.2
[Physics::Module] Integration Version: 1.0.0
[Physics::Module] Threading Mode: Multi-Threaded
Refreshing native plugins compatible for Editor in 9.49 ms, found 4 plugins.
Preloading 0 native plugins for Editor in 0.00 ms.
Initialize engine version: 6000.3.10f1 (e35f0c77bd8e)
[Subsystems] Discovering subsystems at path C:/Program Files/Unity/Hub/Editor/6000.3.10f1/Editor/Data/Resources/UnitySubsystems
[Subsystems] Discovering subsystems at path F:/GitHub/RPG2D/RPG2DC2113/Assets
GfxDevice: creating device client; kGfxThreadingModeNonThreaded
Direct3D:
    Version:  Direct3D 11.0 [level 11.1]
    Renderer: AMD Radeon RX 580 2048SP (ID=0x6fdf)
    Vendor:   ATI
    VRAM:     8170 MB
    Driver:   31.0.21923.11000
Initialize mono
Mono path[0] = 'C:/Program Files/Unity/Hub/Editor/6000.3.10f1/Editor/Data/Managed'
Mono path[1] = 'C:/Program Files/Unity/Hub/Editor/6000.3.10f1/Editor/Data/MonoBleedingEdge/lib/mono/unityjit-win32'
Mono config path = 'C:/Program Files/Unity/Hub/Editor/6000.3.10f1/Editor/Data/MonoBleedingEdge/etc'
Using monoOptions --debugger-agent=transport=dt_socket,embedding=1,server=y,suspend=n,address=127.0.0.1:56792
Begin MonoManager ReloadAssembly
Registering precompiled unity dll's ...
Register platform support module: C:/Program Files/Unity/Hub/Editor/6000.3.10f1/Editor/Data/PlaybackEngines/WebGLSupport/UnityEditor.WebGL.Extensions.dll
Register platform support module: C:/Program Files/Unity/Hub/Editor/6000.3.10f1/Editor/Data/PlaybackEngines/WindowsStandaloneSupport/UnityEditor.WindowsStandalone.Extensions.dll
Registered in 0.017934 seconds.
- Loaded All Assemblies, in  1.093 seconds
Native extension for WindowsStandalone target not found
Native extension for WebGL target not found
ScheduleIndexationOnStartup MainProcess:False IndexOnStartup:True
Mono: successfully reloaded assembly
- Finished resetting the current domain, in  1.026 seconds
Domain Reload Profiling: 2113ms
	BeginReloadAssembly (362ms)
		ExecutionOrderSort (0ms)
		DisableScriptedObjects (0ms)
		BackupInstance (0ms)
		ReleaseScriptingObjects (0ms)
		CreateAndSetChildDomain (2ms)
	RebuildCommonClasses (98ms)
	RebuildNativeTypeToScriptingClass (39ms)
	initialDomainReloadingComplete (125ms)
	LoadAllAssembliesAndSetupDomain (462ms)
		LoadAssemblies (359ms)
		RebuildTransferFunctionScriptingTraits (0ms)
		AnalyzeDomain (452ms)
			TypeCache.Refresh (448ms)
				TypeCache.ScanAssembly (414ms)
			BuildScriptInfoCaches (0ms)
			ResolveRequiredComponents (2ms)
	FinalizeReload (1027ms)
		ReleaseScriptCaches (0ms)
		RebuildScriptCaches (0ms)
		SetupLoadedEditorAssemblies (931ms)
			LogAssemblyErrors (0ms)
			InitializePlatformSupportModulesInManaged (107ms)
			SetLoadedEditorAssemblies (7ms)
			BeforeProcessingInitializeOnLoad (185ms)
			ProcessInitializeOnLoadAttributes (340ms)
			ProcessInitializeOnLoadMethodAttributes (291ms)
			AfterProcessingInitializeOnLoad (0ms)
			EditorAssembliesLoaded (0ms)
		ExecutionOrderSort2 (0ms)
		AwakeInstancesAfterBackupRestoration (0ms)
========================================================================
Worker process is ready to serve import requests
Import Worker Mode flag is 0x00
[Licensing::Client] Handshaking with LicensingClient:
  Version:                 1.17.4+4293ba1
  Session Id:              dbc358863ab34b61a44ccbaa125ccad4
  Correlation Id:          6f38242e9993045f4ab777e75dfc9454
  External correlation Id: 1626824261955806101
  Machine Id:              L+nHHRE937h+fd8nVa4lj8OPjX8=
[Licensing::Module] Successfully connected to LicensingClient on channel: "LicenseClient-Admin" (connect: 0.00s, validation: 0.01s, handshake: 3.51s)
[Licensing::IpcConnector] Successfully connected to: "LicenseClient-Admin-notifications" at "2026-05-30T06:35:05.7682888Z"
[Licensing::Module] Licensing Background thread has ended after 3.52s
Begin MonoManager ReloadAssembly
[Licensing::Client] Successfully resolved entitlement details
[Licensing::Module] License group:
  Id: 10171059585381-UnityPersXXXX
  Product: Unity Personal
  Type: Assigned
  Expiration: Unlimited
- Loaded All Assemblies, in  2.030 seconds
Refreshing native plugins compatible for Editor in 2.18 ms, found 4 plugins.
Native extension for WindowsStandalone target not found
Native extension for WebGL target not found
Package Manager log level set to [2]
[Package Manager] Failed to launch server process. Reason: Unity was launched with the -noUpm command-line argument
[Package Manager] Unable to send message (not connected to server process).
[Package Manager] Cannot connect to Unity Package Manager local server
ScheduleIndexationOnStartup MainProcess:False IndexOnStartup:True
Mono: successfully reloaded assembly
- Finished resetting the current domain, in  1.563 seconds
Domain Reload Profiling: 3586ms
	BeginReloadAssembly (529ms)
		ExecutionOrderSort (0ms)
		DisableScriptedObjects (12ms)
		BackupInstance (0ms)
		ReleaseScriptingObjects (0ms)
		CreateAndSetChildDomain (67ms)
	RebuildCommonClasses (76ms)
	RebuildNativeTypeToScriptingClass (27ms)
	initialDomainReloadingComplete (78ms)
	LoadAllAssembliesAndSetupDomain (1311ms)
		LoadAssemblies (1207ms)
		RebuildTransferFunctionScriptingTraits (0ms)
		AnalyzeDomain (464ms)
			TypeCache.Refresh (353ms)
				TypeCache.ScanAssembly (320ms)
			BuildScriptInfoCaches (95ms)
			ResolveRequiredComponents (10ms)
	FinalizeReload (1564ms)
		ReleaseScriptCaches (0ms)
		RebuildScriptCaches (0ms)
		SetupLoadedEditorAssemblies (1343ms)
			LogAssemblyErrors (0ms)
			InitializePlatformSupportModulesInManaged (4ms)
			SetLoadedEditorAssemblies (8ms)
			BeforeProcessingInitializeOnLoad (309ms)
			ProcessInitializeOnLoadAttributes (901ms)
			ProcessInitializeOnLoadMethodAttributes (106ms)
			AfterProcessingInitializeOnLoad (14ms)
			EditorAssembliesLoaded (0ms)
		ExecutionOrderSort2 (0ms)
		AwakeInstancesAfterBackupRestoration (11ms)
Launched and connected shader compiler UnityShaderCompiler.exe after 0.04 seconds
Refreshing native plugins compatible for Editor in 2.67 ms, found 4 plugins.
Preloading 0 native plugins for Editor in 0.00 ms.
Unloading 0 Unused Serialized files (Serialized files now loaded: 0)
Unloading 5020 unused Assets / (1.2 MB). Loaded Objects now: 5608.
Memory consumption went from 102.0 MB to 100.8 MB.
Total: 14.365000 ms (FindLiveObjects: 1.188200 ms CreateObjectMapping: 0.520700 ms MarkObjects: 10.478000 ms  DeleteObjects: 2.176400 ms)

========================================================================
Received Prepare
Refreshing native plugins compatible for Editor in 2.17 ms, found 4 plugins.
Preloading 0 native plugins for Editor in 0.00 ms.
Unloading 0 Unused Serialized files (Serialized files now loaded: 0)
Unloading 5009 unused Assets / (1.1 MB). Loaded Objects now: 5609.
Memory consumption went from 100.2 MB to 99.0 MB.
Total: 13.386400 ms (FindLiveObjects: 0.809000 ms CreateObjectMapping: 0.519300 ms MarkObjects: 10.135700 ms  DeleteObjects: 1.919100 ms)

Prepare: number of updated asset objects reloaded= 0
========================================================================
Received Import Request.
  Time since last request: 1487420.837489 seconds.
  path: Assets/Warrior free set/PlayerMove.cs
  artifactKey: Guid(f0bfe8a661671a14ea4e7dbd2e75a149) Importer(2089858483,b0f066a214c2f5e87bad3c948f4d605d)
Start importing Assets/Warrior free set/PlayerMove.cs using Guid(f0bfe8a661671a14ea4e7dbd2e75a149) Importer(2089858483,b0f066a214c2f5e87bad3c948f4d605d) (ScriptedImporter) -> (artifact id: '50c8c82f7087ac7cd7ece306367839e6') in 0.1654245 seconds
Number of updated asset objects reloaded before import = 0Number of asset objects unloaded after import = 0

========================================================================
Received Import Request.
  Time since last request: 0.037607 seconds.
  path: Assets/Warrior free set/PlayerMove.cs
  artifactKey: Guid(f0bfe8a661671a14ea4e7dbd2e75a149) Importer(815301076,1909f56bfc062723c751e8b465ee728b)
Start importing Assets/Warrior free set/PlayerMove.cs using Guid(f0bfe8a661671a14ea4e7dbd2e75a149) Importer(815301076,1909f56bfc062723c751e8b465ee728b) (PreviewImporter) -> (artifact id: '5273141da452f77721c497f19a3948fa') in 0.000932 seconds
Number of updated asset objects reloaded before import = 0Number of asset objects unloaded after import = 0

========================================================================
Received Prepare
Begin MonoManager ReloadAssembly
- Loaded All Assemblies, in  1.470 seconds
Refreshing native plugins compatible for Editor in 1.92 ms, found 4 plugins.
Native extension for WindowsStandalone target not found
Native extension for WebGL target not found
[Package Manager] Failed to launch server process. Reason: Unity was launched with the -noUpm command-line argument
[Package Manager] Unable to send message (not connected to server process).
[Package Manager] Cannot connect to Unity Package Manager local server
ScheduleIndexationOnStartup MainProcess:False IndexOnStartup:True
Mono: successfully reloaded assembly
- Finished resetting the current domain, in  1.585 seconds
Domain Reload Profiling: 3054ms
	BeginReloadAssembly (422ms)
		ExecutionOrderSort (0ms)
		DisableScriptedObjects (25ms)
		BackupInstance (0ms)
		ReleaseScriptingObjects (0ms)
		CreateAndSetChildDomain (108ms)
	RebuildCommonClasses (80ms)
	RebuildNativeTypeToScriptingClass (31ms)
	initialDomainReloadingComplete (70ms)
	LoadAllAssembliesAndSetupDomain (865ms)
		LoadAssemblies (740ms)
		RebuildTransferFunctionScriptingTraits (0ms)
		AnalyzeDomain (329ms)
			TypeCache.Refresh (27ms)
				TypeCache.ScanAssembly (0ms)
			BuildScriptInfoCaches (285ms)
			ResolveRequiredComponents (10ms)
	FinalizeReload (1586ms)
		ReleaseScriptCaches (0ms)
		RebuildScriptCaches (0ms)
		SetupLoadedEditorAssemblies (1337ms)
			LogAssemblyErrors (0ms)
			InitializePlatformSupportModulesInManaged (4ms)
			SetLoadedEditorAssemblies (7ms)
			BeforeProcessingInitializeOnLoad (327ms)
			ProcessInitializeOnLoadAttributes (879ms)
			ProcessInitializeOnLoadMethodAttributes (104ms)
			AfterProcessingInitializeOnLoad (15ms)
			EditorAssembliesLoaded (1ms)
		ExecutionOrderSort2 (0ms)
		AwakeInstancesAfterBackupRestoration (12ms)
Refreshing native plugins compatible for Editor in 2.74 ms, found 4 plugins.
Preloading 0 native plugins for Editor in 0.00 ms.
Unloading 0 Unused Serialized files (Serialized files now loaded: 0)
Unloading 5019 unused Assets / (1.1 MB). Loaded Objects now: 5615.
Memory consumption went from 102.7 MB to 101.6 MB.
Total: 15.678500 ms (FindLiveObjects: 0.958500 ms CreateObjectMapping: 0.492000 ms MarkObjects: 11.971300 ms  DeleteObjects: 2.254900 ms)

Prepare: number of updated asset objects reloaded= 0
========================================================================
Received Import Request.
  Time since last request: 23.113700 seconds.
  path: Assets/Warrior free set/PlayerMove.cs
  artifactKey: Guid(f0bfe8a661671a14ea4e7dbd2e75a149) Importer(815301076,1909f56bfc062723c751e8b465ee728b)
Start importing Assets/Warrior free set/PlayerMove.cs using Guid(f0bfe8a661671a14ea4e7dbd2e75a149) Importer(815301076,1909f56bfc062723c751e8b465ee728b) (PreviewImporter) -> (artifact id: '25b1c8296454f4628e0e5f5c188c9b57') in 0.0045205 seconds
Number of updated asset objects reloaded before import = 0Number of asset objects unloaded after import = 0

========================================================================
Received Prepare
Begin MonoManager ReloadAssembly
[Licensing::Client] Successfully resolved entitlement details
- Loaded All Assemblies, in  1.275 seconds
Refreshing native plugins compatible for Editor in 2.03 ms, found 4 plugins.
Native extension for WindowsStandalone target not found
Native extension for WebGL target not found
[Package Manager] Failed to launch server process. Reason: Unity was launched with the -noUpm command-line argument
[Package Manager] Unable to send message (not connected to server process).
[Package Manager] Cannot connect to Unity Package Manager local server
ScheduleIndexationOnStartup MainProcess:False IndexOnStartup:True
Mono: successfully reloaded assembly
- Finished resetting the current domain, in  1.452 seconds
Domain Reload Profiling: 2725ms
	BeginReloadAssembly (413ms)
		ExecutionOrderSort (0ms)
		DisableScriptedObjects (30ms)
		BackupInstance (0ms)
		ReleaseScriptingObjects (0ms)
		CreateAndSetChildDomain (94ms)
	RebuildCommonClasses (81ms)
	RebuildNativeTypeToScriptingClass (28ms)
	initialDomainReloadingComplete (55ms)
	LoadAllAssembliesAndSetupDomain (696ms)
		LoadAssemblies (584ms)
		RebuildTransferFunctionScriptingTraits (0ms)
		AnalyzeDomain (314ms)
			TypeCache.Refresh (19ms)
				TypeCache.ScanAssembly (0ms)
			BuildScriptInfoCaches (279ms)
			ResolveRequiredComponents (10ms)
	FinalizeReload (1453ms)
		ReleaseScriptCaches (0ms)
		RebuildScriptCaches (0ms)
		SetupLoadedEditorAssemblies (1219ms)
			LogAssemblyErrors (0ms)
			InitializePlatformSupportModulesInManaged (4ms)
			SetLoadedEditorAssemblies (6ms)
			BeforeProcessingInitializeOnLoad (276ms)
			ProcessInitializeOnLoadAttributes (813ms)
			ProcessInitializeOnLoadMethodAttributes (106ms)
			AfterProcessingInitializeOnLoad (14ms)
			EditorAssembliesLoaded (0ms)
		ExecutionOrderSort2 (0ms)
		AwakeInstancesAfterBackupRestoration (13ms)
Refreshing native plugins compatible for Editor in 2.16 ms, found 4 plugins.
Preloading 0 native plugins for Editor in 0.00 ms.
Unloading 0 Unused Serialized files (Serialized files now loaded: 0)
Unloading 5019 unused Assets / (1.0 MB). Loaded Objects now: 5618.
Memory consumption went from 104.7 MB to 103.6 MB.
Total: 14.141100 ms (FindLiveObjects: 1.025600 ms CreateObjectMapping: 0.496200 ms MarkObjects: 10.669900 ms  DeleteObjects: 1.948000 ms)

Prepare: number of updated asset objects reloaded= 0
========================================================================
Received Prepare
Begin MonoManager ReloadAssembly
- Loaded All Assemblies, in  1.219 seconds
Refreshing native plugins compatible for Editor in 2.02 ms, found 4 plugins.
Native extension for WindowsStandalone target not found
Native extension for WebGL target not found
[Package Manager] Failed to launch server process. Reason: Unity was launched with the -noUpm command-line argument
[Package Manager] Unable to send message (not connected to server process).
[Package Manager] Cannot connect to Unity Package Manager local server
ScheduleIndexationOnStartup MainProcess:False IndexOnStartup:True
Mono: successfully reloaded assembly
- Finished resetting the current domain, in  1.491 seconds
Domain Reload Profiling: 2707ms
	BeginReloadAssembly (378ms)
		ExecutionOrderSort (0ms)
		DisableScriptedObjects (25ms)
		BackupInstance (0ms)
		ReleaseScriptingObjects (0ms)
		CreateAndSetChildDomain (91ms)
	RebuildCommonClasses (72ms)
	RebuildNativeTypeToScriptingClass (28ms)
	initialDomainReloadingComplete (58ms)
	LoadAllAssembliesAndSetupDomain (680ms)
		LoadAssemblies (565ms)
		RebuildTransferFunctionScriptingTraits (0ms)
		AnalyzeDomain (299ms)
			TypeCache.Refresh (12ms)
				TypeCache.ScanAssembly (0ms)
			BuildScriptInfoCaches (272ms)
			ResolveRequiredComponents (10ms)
	FinalizeReload (1491ms)
		ReleaseScriptCaches (0ms)
		RebuildScriptCaches (0ms)
		SetupLoadedEditorAssemblies (1258ms)
			LogAssemblyErrors (0ms)
			InitializePlatformSupportModulesInManaged (4ms)
			SetLoadedEditorAssemblies (6ms)
			BeforeProcessingInitializeOnLoad (276ms)
			ProcessInitializeOnLoadAttributes (853ms)
			ProcessInitializeOnLoadMethodAttributes (104ms)
			AfterProcessingInitializeOnLoad (13ms)
			EditorAssembliesLoaded (0ms)
		ExecutionOrderSort2 (0ms)
		AwakeInstancesAfterBackupRestoration (12ms)
Refreshing native plugins compatible for Editor in 2.30 ms, found 4 plugins.
Preloading 0 native plugins for Editor in 0.00 ms.
Unloading 0 Unused Serialized files (Serialized files now loaded: 0)
Unloading 5019 unused Assets / (1.2 MB). Loaded Objects now: 5621.
Memory consumption went from 104.7 MB to 103.5 MB.
Total: 13.701300 ms (FindLiveObjects: 1.081300 ms CreateObjectMapping: 0.642200 ms MarkObjects: 10.058800 ms  DeleteObjects: 1.916900 ms)

Prepare: number of updated asset objects reloaded= 0
========================================================================
Received Prepare
Begin MonoManager ReloadAssembly
[Licensing::Client] Successfully resolved entitlement details
- Loaded All Assemblies, in  1.239 seconds
Refreshing native plugins compatible for Editor in 2.03 ms, found 4 plugins.
Native extension for WindowsStandalone target not found
Native extension for WebGL target not found
[Package Manager] Failed to launch server process. Reason: Unity was launched with the -noUpm command-line argument
[Package Manager] Unable to send message (not connected to server process).
[Package Manager] Cannot connect to Unity Package Manager local server
ScheduleIndexationOnStartup MainProcess:False IndexOnStartup:True
Mono: successfully reloaded assembly
- Finished resetting the current domain, in  1.506 seconds
Domain Reload Profiling: 2743ms
	BeginReloadAssembly (400ms)
		ExecutionOrderSort (0ms)
		DisableScriptedObjects (26ms)
		BackupInstance (0ms)
		ReleaseScriptingObjects (0ms)
		CreateAndSetChildDomain (91ms)
	RebuildCommonClasses (71ms)
	RebuildNativeTypeToScriptingClass (29ms)
	initialDomainReloadingComplete (55ms)
	LoadAllAssembliesAndSetupDomain (682ms)
		LoadAssemblies (579ms)
		RebuildTransferFunctionScriptingTraits (0ms)
		AnalyzeDomain (302ms)
			TypeCache.Refresh (12ms)
				TypeCache.ScanAssembly (0ms)
			BuildScriptInfoCaches (274ms)
			ResolveRequiredComponents (11ms)
	FinalizeReload (1506ms)
		ReleaseScriptCaches (0ms)
		RebuildScriptCaches (0ms)
		SetupLoadedEditorAssemblies (1264ms)
			LogAssemblyErrors (0ms)
			InitializePlatformSupportModulesInManaged (4ms)
			SetLoadedEditorAssemblies (10ms)
			BeforeProcessingInitializeOnLoad (288ms)
			ProcessInitializeOnLoadAttributes (837ms)
			ProcessInitializeOnLoadMethodAttributes (111ms)
			AfterProcessingInitializeOnLoad (14ms)
			EditorAssembliesLoaded (1ms)
		ExecutionOrderSort2 (0ms)
		AwakeInstancesAfterBackupRestoration (13ms)
Refreshing native plugins compatible for Editor in 2.30 ms, found 4 plugins.
Preloading 0 native plugins for Editor in 0.00 ms.
Unloading 0 Unused Serialized files (Serialized files now loaded: 0)
Unloading 5019 unused Assets / (1.2 MB). Loaded Objects now: 5624.
Memory consumption went from 104.7 MB to 103.5 MB.
Total: 18.586300 ms (FindLiveObjects: 0.751600 ms CreateObjectMapping: 0.508400 ms MarkObjects: 14.951800 ms  DeleteObjects: 2.372900 ms)

Prepare: number of updated asset objects reloaded= 0
========================================================================
Received Prepare
Begin MonoManager ReloadAssembly
[Licensing::Client] Successfully resolved entitlement details
- Loaded All Assemblies, in  1.260 seconds
Refreshing native plugins compatible for Editor in 1.98 ms, found 4 plugins.
Native extension for WindowsStandalone target not found
Native extension for WebGL target not found
[Package Manager] Failed to launch server process. Reason: Unity was launched with the -noUpm command-line argument
[Package Manager] Unable to send message (not connected to server process).
[Package Manager] Cannot connect to Unity Package Manager local server
ScheduleIndexationOnStartup MainProcess:False IndexOnStartup:True
Mono: successfully reloaded assembly
- Finished resetting the current domain, in  1.495 seconds
Domain Reload Profiling: 2753ms
	BeginReloadAssembly (381ms)
		ExecutionOrderSort (0ms)
		DisableScriptedObjects (27ms)
		BackupInstance (0ms)
		ReleaseScriptingObjects (0ms)
		CreateAndSetChildDomain (86ms)
	RebuildCommonClasses (72ms)
	RebuildNativeTypeToScriptingClass (28ms)
	initialDomainReloadingComplete (57ms)
	LoadAllAssembliesAndSetupDomain (718ms)
		LoadAssemblies (584ms)
		RebuildTransferFunctionScriptingTraits (0ms)
		AnalyzeDomain (321ms)
			TypeCache.Refresh (13ms)
				TypeCache.ScanAssembly (0ms)
			BuildScriptInfoCaches (292ms)
			ResolveRequiredComponents (10ms)
	FinalizeReload (1496ms)
		ReleaseScriptCaches (0ms)
		RebuildScriptCaches (0ms)
		SetupLoadedEditorAssemblies (1259ms)
			LogAssemblyErrors (0ms)
			InitializePlatformSupportModulesInManaged (4ms)
			SetLoadedEditorAssemblies (6ms)
			BeforeProcessingInitializeOnLoad (281ms)
			ProcessInitializeOnLoadAttributes (848ms)
			ProcessInitializeOnLoadMethodAttributes (104ms)
			AfterProcessingInitializeOnLoad (14ms)
			EditorAssembliesLoaded (1ms)
		ExecutionOrderSort2 (0ms)
		AwakeInstancesAfterBackupRestoration (13ms)
Refreshing native plugins compatible for Editor in 2.41 ms, found 4 plugins.
Preloading 0 native plugins for Editor in 0.00 ms.
Unloading 0 Unused Serialized files (Serialized files now loaded: 0)
Unloading 5019 unused Assets / (1.1 MB). Loaded Objects now: 5627.
Memory consumption went from 104.7 MB to 103.6 MB.
Total: 13.786600 ms (FindLiveObjects: 0.805300 ms CreateObjectMapping: 0.555700 ms MarkObjects: 10.492300 ms  DeleteObjects: 1.931900 ms)

Prepare: number of updated asset objects reloaded= 0
========================================================================
Received Prepare
Begin MonoManager ReloadAssembly
[Licensing::Client] Successfully resolved entitlement details
- Loaded All Assemblies, in  1.267 seconds
Refreshing native plugins compatible for Editor in 1.88 ms, found 4 plugins.
Native extension for WindowsStandalone target not found
Native extension for WebGL target not found
[Package Manager] Failed to launch server process. Reason: Unity was launched with the -noUpm command-line argument
[Package Manager] Unable to send message (not connected to server process).
[Package Manager] Cannot connect to Unity Package Manager local server
ScheduleIndexationOnStartup MainProcess:False IndexOnStartup:True
Mono: successfully reloaded assembly
- Finished resetting the current domain, in  1.511 seconds
Domain Reload Profiling: 2776ms
	BeginReloadAssembly (413ms)
		ExecutionOrderSort (0ms)
		DisableScriptedObjects (29ms)
		BackupInstance (0ms)
		ReleaseScriptingObjects (0ms)
		CreateAndSetChildDomain (90ms)
	RebuildCommonClasses (76ms)
	RebuildNativeTypeToScriptingClass (33ms)
	initialDomainReloadingComplete (57ms)
	LoadAllAssembliesAndSetupDomain (687ms)
		LoadAssemblies (598ms)
		RebuildTransferFunctionScriptingTraits (0ms)
		AnalyzeDomain (301ms)
			TypeCache.Refresh (13ms)
				TypeCache.ScanAssembly (0ms)
			BuildScriptInfoCaches (273ms)
			ResolveRequiredComponents (10ms)
	FinalizeReload (1512ms)
		ReleaseScriptCaches (0ms)
		RebuildScriptCaches (0ms)
		SetupLoadedEditorAssemblies (1277ms)
			LogAssemblyErrors (0ms)
			InitializePlatformSupportModulesInManaged (4ms)
			SetLoadedEditorAssemblies (6ms)
			BeforeProcessingInitializeOnLoad (288ms)
			ProcessInitializeOnLoadAttributes (847ms)
			ProcessInitializeOnLoadMethodAttributes (117ms)
			AfterProcessingInitializeOnLoad (14ms)
			EditorAssembliesLoaded (0ms)
		ExecutionOrderSort2 (0ms)
		AwakeInstancesAfterBackupRestoration (12ms)
Refreshing native plugins compatible for Editor in 2.01 ms, found 4 plugins.
Preloading 0 native plugins for Editor in 0.00 ms.
Unloading 0 Unused Serialized files (Serialized files now loaded: 0)
Unloading 5019 unused Assets / (1.1 MB). Loaded Objects now: 5630.
Memory consumption went from 104.7 MB to 103.6 MB.
Total: 13.261700 ms (FindLiveObjects: 0.908500 ms CreateObjectMapping: 0.489700 ms MarkObjects: 9.860600 ms  DeleteObjects: 2.000800 ms)

Prepare: number of updated asset objects reloaded= 0
========================================================================
Received Prepare
Begin MonoManager ReloadAssembly
- Loaded All Assemblies, in  1.264 seconds
Refreshing native plugins compatible for Editor in 1.91 ms, found 4 plugins.
Native extension for WindowsStandalone target not found
Native extension for WebGL target not found
[Package Manager] Failed to launch server process. Reason: Unity was launched with the -noUpm command-line argument
[Package Manager] Unable to send message (not connected to server process).
[Package Manager] Cannot connect to Unity Package Manager local server
ScheduleIndexationOnStartup MainProcess:False IndexOnStartup:True
Mono: successfully reloaded assembly
- Finished resetting the current domain, in  1.490 seconds
Domain Reload Profiling: 2753ms
	BeginReloadAssembly (410ms)
		ExecutionOrderSort (0ms)
		DisableScriptedObjects (28ms)
		BackupInstance (0ms)
		ReleaseScriptingObjects (0ms)
		CreateAndSetChildDomain (92ms)
	RebuildCommonClasses (79ms)
	RebuildNativeTypeToScriptingClass (34ms)
	initialDomainReloadingComplete (58ms)
	LoadAllAssembliesAndSetupDomain (681ms)
		LoadAssemblies (590ms)
		RebuildTransferFunctionScriptingTraits (0ms)
		AnalyzeDomain (302ms)
			TypeCache.Refresh (12ms)
				TypeCache.ScanAssembly (0ms)
			BuildScriptInfoCaches (275ms)
			ResolveRequiredComponents (10ms)
	FinalizeReload (1491ms)
		ReleaseScriptCaches (0ms)
		RebuildScriptCaches (0ms)
		SetupLoadedEditorAssemblies (1249ms)
			LogAssemblyErrors (0ms)
			InitializePlatformSupportModulesInManaged (4ms)
			SetLoadedEditorAssemblies (6ms)
			BeforeProcessingInitializeOnLoad (276ms)
			ProcessInitializeOnLoadAttributes (844ms)
			ProcessInitializeOnLoadMethodAttributes (102ms)
			AfterProcessingInitializeOnLoad (16ms)
			EditorAssembliesLoaded (0ms)
		ExecutionOrderSort2 (0ms)
		AwakeInstancesAfterBackupRestoration (14ms)
Refreshing native plugins compatible for Editor in 2.07 ms, found 4 plugins.
Preloading 0 native plugins for Editor in 0.00 ms.
Unloading 0 Unused Serialized files (Serialized files now loaded: 0)
Unloading 5019 unused Assets / (1.1 MB). Loaded Objects now: 5633.
Memory consumption went from 104.7 MB to 103.6 MB.
Total: 11.975400 ms (FindLiveObjects: 0.740400 ms CreateObjectMapping: 0.477100 ms MarkObjects: 8.984700 ms  DeleteObjects: 1.772100 ms)

Prepare: number of updated asset objects reloaded= 0
========================================================================
Received Prepare
Begin MonoManager ReloadAssembly
[Licensing::Client] Successfully resolved entitlement details
- Loaded All Assemblies, in  1.318 seconds
Refreshing native plugins compatible for Editor in 1.94 ms, found 4 plugins.
Native extension for WindowsStandalone target not found
Native extension for WebGL target not found
[Package Manager] Failed to launch server process. Reason: Unity was launched with the -noUpm command-line argument
[Package Manager] Unable to send message (not connected to server process).
[Package Manager] Cannot connect to Unity Package Manager local server
ScheduleIndexationOnStartup MainProcess:False IndexOnStartup:True
Mono: successfully reloaded assembly
- Finished resetting the current domain, in  1.489 seconds
Domain Reload Profiling: 2803ms
	BeginReloadAssembly (394ms)
		ExecutionOrderSort (0ms)
		DisableScriptedObjects (29ms)
		BackupInstance (0ms)
		ReleaseScriptingObjects (0ms)
		CreateAndSetChildDomain (85ms)
	RebuildCommonClasses (72ms)
	RebuildNativeTypeToScriptingClass (31ms)
	initialDomainReloadingComplete (62ms)
	LoadAllAssembliesAndSetupDomain (755ms)
		LoadAssemblies (591ms)
		RebuildTransferFunctionScriptingTraits (0ms)
		AnalyzeDomain (361ms)
			TypeCache.Refresh (13ms)
				TypeCache.ScanAssembly (0ms)
			BuildScriptInfoCaches (332ms)
			ResolveRequiredComponents (11ms)
	FinalizeReload (1489ms)
		ReleaseScriptCaches (0ms)
		RebuildScriptCaches (0ms)
		SetupLoadedEditorAssemblies (1252ms)
			LogAssemblyErrors (0ms)
			InitializePlatformSupportModulesInManaged (4ms)
			SetLoadedEditorAssemblies (6ms)
			BeforeProcessingInitializeOnLoad (281ms)
			ProcessInitializeOnLoadAttributes (836ms)
			ProcessInitializeOnLoadMethodAttributes (108ms)
			AfterProcessingInitializeOnLoad (16ms)
			EditorAssembliesLoaded (0ms)
		ExecutionOrderSort2 (0ms)
		AwakeInstancesAfterBackupRestoration (12ms)
Refreshing native plugins compatible for Editor in 1.91 ms, found 4 plugins.
Preloading 0 native plugins for Editor in 0.00 ms.
Unloading 0 Unused Serialized files (Serialized files now loaded: 0)
Unloading 5019 unused Assets / (1.2 MB). Loaded Objects now: 5636.
Memory consumption went from 104.7 MB to 103.5 MB.
Total: 12.740100 ms (FindLiveObjects: 0.782600 ms CreateObjectMapping: 0.485600 ms MarkObjects: 9.145100 ms  DeleteObjects: 2.325400 ms)

Prepare: number of updated asset objects reloaded= 0
========================================================================
Received Import Request.
  Time since last request: 859.241501 seconds.
  path: Assets/Warrior free set/PlayerMove.cs
  artifactKey: Guid(f0bfe8a661671a14ea4e7dbd2e75a149) Importer(2089858483,b0f066a214c2f5e87bad3c948f4d605d)
Start importing Assets/Warrior free set/PlayerMove.cs using Guid(f0bfe8a661671a14ea4e7dbd2e75a149) Importer(2089858483,b0f066a214c2f5e87bad3c948f4d605d) (ScriptedImporter) -> (artifact id: '8884a6741e4f2c4d389fe5762c405ae4') in 0.1538313 seconds
Number of updated asset objects reloaded before import = 0Number of asset objects unloaded after import = 0

========================================================================
Received Prepare
Refreshing native plugins compatible for Editor in 2.07 ms, found 4 plugins.
Preloading 0 native plugins for Editor in 0.00 ms.
Unloading 0 Unused Serialized files (Serialized files now loaded: 0)
Unloading 5010 unused Assets / (0.8 MB). Loaded Objects now: 5637.
Memory consumption went from 104.9 MB to 104.2 MB.
Total: 12.543500 ms (FindLiveObjects: 0.805900 ms CreateObjectMapping: 0.492500 ms MarkObjects: 9.461900 ms  DeleteObjects: 1.781800 ms)

Prepare: number of updated asset objects reloaded= 0
========================================================================
Received Import Request.
  Time since last request: 9.775667 seconds.
  path: Assets/Warrior free set/PlayerAnimation.cs
  artifactKey: Guid(c961102eadba7f24d8401b39e4caa20d) Importer(815301076,1909f56bfc062723c751e8b465ee728b)
Start importing Assets/Warrior free set/PlayerAnimation.cs using Guid(c961102eadba7f24d8401b39e4caa20d) Importer(815301076,1909f56bfc062723c751e8b465ee728b) (PreviewImporter) -> (artifact id: 'ad578b196e85fba8aaa3aaf0db9654a4') in 0.0008625 seconds
Number of updated asset objects reloaded before import = 0Number of asset objects unloaded after import = 0

========================================================================
Received Import Request.
  Time since last request: 0.021169 seconds.
  path: Assets/Warrior free set/PlayerAnimation.cs
  artifactKey: Guid(c961102eadba7f24d8401b39e4caa20d) Importer(2089858483,b0f066a214c2f5e87bad3c948f4d605d)
Start importing Assets/Warrior free set/PlayerAnimation.cs using Guid(c961102eadba7f24d8401b39e4caa20d) Importer(2089858483,b0f066a214c2f5e87bad3c948f4d605d) (ScriptedImporter) -> (artifact id: '769a88d32bcf1c46a37eaae1f542df17') in 0.0166175 seconds
Number of updated asset objects reloaded before import = 0Number of asset objects unloaded after import = 0

========================================================================
Received Prepare
Begin MonoManager ReloadAssembly
[Licensing::Client] Successfully resolved entitlement details
- Loaded All Assemblies, in  1.395 seconds
Refreshing native plugins compatible for Editor in 1.97 ms, found 4 plugins.
Native extension for WindowsStandalone target not found
Native extension for WebGL target not found
[Package Manager] Failed to launch server process. Reason: Unity was launched with the -noUpm command-line argument
[Package Manager] Unable to send message (not connected to server process).
[Package Manager] Cannot connect to Unity Package Manager local server
ScheduleIndexationOnStartup MainProcess:False IndexOnStartup:True
Mono: successfully reloaded assembly
- Finished resetting the current domain, in  1.478 seconds
Domain Reload Profiling: 2871ms
	BeginReloadAssembly (415ms)
		ExecutionOrderSort (0ms)
		DisableScriptedObjects (29ms)
		BackupInstance (0ms)
		ReleaseScriptingObjects (0ms)
		CreateAndSetChildDomain (92ms)
	RebuildCommonClasses (80ms)
	RebuildNativeTypeToScriptingClass (29ms)
	initialDomainReloadingComplete (61ms)
	LoadAllAssembliesAndSetupDomain (808ms)
		LoadAssemblies (679ms)
		RebuildTransferFunctionScriptingTraits (0ms)
		AnalyzeDomain (334ms)
			TypeCache.Refresh (17ms)
				TypeCache.ScanAssembly (0ms)
			BuildScriptInfoCaches (300ms)
			ResolveRequiredComponents (12ms)
	FinalizeReload (1479ms)
		ReleaseScriptCaches (0ms)
		RebuildScriptCaches (0ms)
		SetupLoadedEditorAssemblies (1239ms)
			LogAssemblyErrors (0ms)
			InitializePlatformSupportModulesInManaged (4ms)
			SetLoadedEditorAssemblies (7ms)
			BeforeProcessingInitializeOnLoad (282ms)
			ProcessInitializeOnLoadAttributes (830ms)
			ProcessInitializeOnLoadMethodAttributes (102ms)
			AfterProcessingInitializeOnLoad (14ms)
			EditorAssembliesLoaded (0ms)
		ExecutionOrderSort2 (0ms)
		AwakeInstancesAfterBackupRestoration (12ms)
Refreshing native plugins compatible for Editor in 2.07 ms, found 4 plugins.
Preloading 0 native plugins for Editor in 0.00 ms.
Unloading 0 Unused Serialized files (Serialized files now loaded: 0)
Unloading 5020 unused Assets / (0.8 MB). Loaded Objects now: 5640.
Memory consumption went from 104.8 MB to 104.0 MB.
Total: 13.357800 ms (FindLiveObjects: 0.762500 ms CreateObjectMapping: 0.470500 ms MarkObjects: 10.280600 ms  DeleteObjects: 1.842300 ms)

Prepare: number of updated asset objects reloaded= 0
========================================================================
Received Import Request.
  Time since last request: 12.951213 seconds.
  path: Assets/Warrior free set/PlayerAnimation.cs
  artifactKey: Guid(c961102eadba7f24d8401b39e4caa20d) Importer(815301076,1909f56bfc062723c751e8b465ee728b)
Start importing Assets/Warrior free set/PlayerAnimation.cs using Guid(c961102eadba7f24d8401b39e4caa20d) Importer(815301076,1909f56bfc062723c751e8b465ee728b) (PreviewImporter) -> (artifact id: 'e1325b9baa5dc54f106696b140efbb44') in 0.0053295 seconds
Number of updated asset objects reloaded before import = 0Number of asset objects unloaded after import = 0

========================================================================
Received Import Request.
  Time since last request: 208.907107 seconds.
  path: Assets/Warrior free set/PlayerAnimation.controller
  artifactKey: Guid(8466c8086a3c3944ba44e37385dac978) Importer(815301076,1909f56bfc062723c751e8b465ee728b)
Start importing Assets/Warrior free set/PlayerAnimation.controller using Guid(8466c8086a3c3944ba44e37385dac978) Importer(815301076,1909f56bfc062723c751e8b465ee728b) (PreviewImporter) -> (artifact id: 'dae0b6f4d0c949f0e0799cbab777b84d') in 0.0372331 seconds
Number of updated asset objects reloaded before import = 0Number of asset objects unloaded after import = 1

========================================================================
Received Import Request.
  Time since last request: 0.888715 seconds.
  path: Assets/Warrior free set/PlayerAnimation.controller
  artifactKey: Guid(8466c8086a3c3944ba44e37385dac978) Importer(2089858483,b0f066a214c2f5e87bad3c948f4d605d)
Start importing Assets/Warrior free set/PlayerAnimation.controller using Guid(8466c8086a3c3944ba44e37385dac978) Importer(2089858483,b0f066a214c2f5e87bad3c948f4d605d) (ScriptedImporter) -> (artifact id: '279c77c28e4c064a1fafe5afbb012dad') in 0.1347706 seconds
Number of updated asset objects reloaded before import = 0Number of asset objects unloaded after import = 1

========================================================================
Received Prepare
Begin MonoManager ReloadAssembly
[Licensing::Client] Successfully resolved entitlement details
- Loaded All Assemblies, in  1.267 seconds
Refreshing native plugins compatible for Editor in 1.98 ms, found 4 plugins.
Native extension for WindowsStandalone target not found
Native extension for WebGL target not found
[Package Manager] Failed to launch server process. Reason: Unity was launched with the -noUpm command-line argument
[Package Manager] Unable to send message (not connected to server process).
[Package Manager] Cannot connect to Unity Package Manager local server
ScheduleIndexationOnStartup MainProcess:False IndexOnStartup:True
Mono: successfully reloaded assembly
- Finished resetting the current domain, in  1.502 seconds
Domain Reload Profiling: 2767ms
	BeginReloadAssembly (409ms)
		ExecutionOrderSort (0ms)
		DisableScriptedObjects (29ms)
		BackupInstance (0ms)
		ReleaseScriptingObjects (0ms)
		CreateAndSetChildDomain (98ms)
	RebuildCommonClasses (72ms)
	RebuildNativeTypeToScriptingClass (31ms)
	initialDomainReloadingComplete (57ms)
	LoadAllAssembliesAndSetupDomain (697ms)
		LoadAssemblies (585ms)
		RebuildTransferFunctionScriptingTraits (0ms)
		AnalyzeDomain (304ms)
			TypeCache.Refresh (14ms)
				TypeCache.ScanAssembly (0ms)
			BuildScriptInfoCaches (275ms)
			ResolveRequiredComponents (11ms)
	FinalizeReload (1502ms)
		ReleaseScriptCaches (0ms)
		RebuildScriptCaches (0ms)
		SetupLoadedEditorAssemblies (1253ms)
			LogAssemblyErrors (0ms)
			InitializePlatformSupportModulesInManaged (4ms)
			SetLoadedEditorAssemblies (6ms)
			BeforeProcessingInitializeOnLoad (281ms)
			ProcessInitializeOnLoadAttributes (840ms)
			ProcessInitializeOnLoadMethodAttributes (107ms)
			AfterProcessingInitializeOnLoad (14ms)
			EditorAssembliesLoaded (0ms)
		ExecutionOrderSort2 (0ms)
		AwakeInstancesAfterBackupRestoration (13ms)
Refreshing native plugins compatible for Editor in 2.06 ms, found 4 plugins.
Preloading 0 native plugins for Editor in 0.00 ms.
Unloading 0 Unused Serialized files (Serialized files now loaded: 0)
Unloading 5020 unused Assets / (1.1 MB). Loaded Objects now: 5644.
Memory consumption went from 104.8 MB to 103.6 MB.
Total: 13.310600 ms (FindLiveObjects: 0.786800 ms CreateObjectMapping: 0.505900 ms MarkObjects: 10.050000 ms  DeleteObjects: 1.965600 ms)

Prepare: number of updated asset objects reloaded= 0
========================================================================
Received Prepare
Begin MonoManager ReloadAssembly
[Licensing::Client] Successfully resolved entitlement details
- Loaded All Assemblies, in  1.252 seconds
Refreshing native plugins compatible for Editor in 2.04 ms, found 4 plugins.
Native extension for WindowsStandalone target not found
Native extension for WebGL target not found
[Package Manager] Failed to launch server process. Reason: Unity was launched with the -noUpm command-line argument
[Package Manager] Unable to send message (not connected to server process).
[Package Manager] Cannot connect to Unity Package Manager local server
ScheduleIndexationOnStartup MainProcess:False IndexOnStartup:True
Mono: successfully reloaded assembly
- Finished resetting the current domain, in  1.474 seconds
Domain Reload Profiling: 2725ms
	BeginReloadAssembly (405ms)
		ExecutionOrderSort (0ms)
		DisableScriptedObjects (26ms)
		BackupInstance (0ms)
		ReleaseScriptingObjects (0ms)
		CreateAndSetChildDomain (96ms)
	RebuildCommonClasses (73ms)
	RebuildNativeTypeToScriptingClass (29ms)
	initialDomainReloadingComplete (56ms)
	LoadAllAssembliesAndSetupDomain (686ms)
		LoadAssemblies (584ms)
		RebuildTransferFunctionScriptingTraits (0ms)
		AnalyzeDomain (303ms)
			TypeCache.Refresh (13ms)
				TypeCache.ScanAssembly (0ms)
			BuildScriptInfoCaches (275ms)
			ResolveRequiredComponents (10ms)
	FinalizeReload (1475ms)
		ReleaseScriptCaches (0ms)
		RebuildScriptCaches (0ms)
		SetupLoadedEditorAssemblies (1235ms)
			LogAssemblyErrors (0ms)
			InitializePlatformSupportModulesInManaged (4ms)
			SetLoadedEditorAssemblies (6ms)
			BeforeProcessingInitializeOnLoad (285ms)
			ProcessInitializeOnLoadAttributes (815ms)
			ProcessInitializeOnLoadMethodAttributes (109ms)
			AfterProcessingInitializeOnLoad (15ms)
			EditorAssembliesLoaded (1ms)
		ExecutionOrderSort2 (0ms)
		AwakeInstancesAfterBackupRestoration (13ms)
Refreshing native plugins compatible for Editor in 2.26 ms, found 4 plugins.
Preloading 0 native plugins for Editor in 0.00 ms.
Unloading 0 Unused Serialized files (Serialized files now loaded: 0)
Unloading 5020 unused Assets / (1.2 MB). Loaded Objects now: 5647.
Memory consumption went from 104.8 MB to 103.6 MB.
Total: 13.196900 ms (FindLiveObjects: 0.763500 ms CreateObjectMapping: 0.480900 ms MarkObjects: 9.957900 ms  DeleteObjects: 1.993400 ms)

Prepare: number of updated asset objects reloaded= 0
========================================================================
Received Prepare
Begin MonoManager ReloadAssembly
[Licensing::Client] Successfully resolved entitlement details
- Loaded All Assemblies, in  1.259 seconds
Refreshing native plugins compatible for Editor in 1.96 ms, found 4 plugins.
Native extension for WindowsStandalone target not found
Native extension for WebGL target not found
[Package Manager] Failed to launch server process. Reason: Unity was launched with the -noUpm command-line argument
[Package Manager] Unable to send message (not connected to server process).
[Package Manager] Cannot connect to Unity Package Manager local server
ScheduleIndexationOnStartup MainProcess:False IndexOnStartup:True
Mono: successfully reloaded assembly
- Finished resetting the current domain, in  1.461 seconds
Domain Reload Profiling: 2719ms
	BeginReloadAssembly (385ms)
		ExecutionOrderSort (0ms)
		DisableScriptedObjects (27ms)
		BackupInstance (0ms)
		ReleaseScriptingObjects (0ms)
		CreateAndSetChildDomain (88ms)
	RebuildCommonClasses (71ms)
	RebuildNativeTypeToScriptingClass (28ms)
	initialDomainReloadingComplete (55ms)
	LoadAllAssembliesAndSetupDomain (718ms)
		LoadAssemblies (588ms)
		RebuildTransferFunctionScriptingTraits (0ms)
		AnalyzeDomain (316ms)
			TypeCache.Refresh (17ms)
				TypeCache.ScanAssembly (0ms)
			BuildScriptInfoCaches (284ms)
			ResolveRequiredComponents (10ms)
	FinalizeReload (1462ms)
		ReleaseScriptCaches (0ms)
		RebuildScriptCaches (0ms)
		SetupLoadedEditorAssemblies (1223ms)
			LogAssemblyErrors (0ms)
			InitializePlatformSupportModulesInManaged (4ms)
			SetLoadedEditorAssemblies (9ms)
			BeforeProcessingInitializeOnLoad (277ms)
			ProcessInitializeOnLoadAttributes (810ms)
			ProcessInitializeOnLoadMethodAttributes (108ms)
			AfterProcessingInitializeOnLoad (14ms)
			EditorAssembliesLoaded (0ms)
		ExecutionOrderSort2 (0ms)
		AwakeInstancesAfterBackupRestoration (12ms)
Refreshing native plugins compatible for Editor in 2.16 ms, found 4 plugins.
Preloading 0 native plugins for Editor in 0.00 ms.
Unloading 0 Unused Serialized files (Serialized files now loaded: 0)
Unloading 5020 unused Assets / (1.2 MB). Loaded Objects now: 5650.
Memory consumption went from 104.8 MB to 103.6 MB.
Total: 12.632600 ms (FindLiveObjects: 0.763000 ms CreateObjectMapping: 0.482400 ms MarkObjects: 9.429300 ms  DeleteObjects: 1.956600 ms)

Prepare: number of updated asset objects reloaded= 0
========================================================================
Received Prepare
Begin MonoManager ReloadAssembly
- Loaded All Assemblies, in  1.270 seconds
Refreshing native plugins compatible for Editor in 1.97 ms, found 4 plugins.
Native extension for WindowsStandalone target not found
Native extension for WebGL target not found
[Package Manager] Failed to launch server process. Reason: Unity was launched with the -noUpm command-line argument
[Package Manager] Unable to send message (not connected to server process).
[Package Manager] Cannot connect to Unity Package Manager local server
ScheduleIndexationOnStartup MainProcess:False IndexOnStartup:True
Mono: successfully reloaded assembly
- Finished resetting the current domain, in  1.485 seconds
Domain Reload Profiling: 2752ms
	BeginReloadAssembly (409ms)
		ExecutionOrderSort (0ms)
		DisableScriptedObjects (28ms)
		BackupInstance (0ms)
		ReleaseScriptingObjects (0ms)
		CreateAndSetChildDomain (97ms)
	RebuildCommonClasses (75ms)
	RebuildNativeTypeToScriptingClass (28ms)
	initialDomainReloadingComplete (56ms)
	LoadAllAssembliesAndSetupDomain (699ms)
		LoadAssemblies (590ms)
		RebuildTransferFunctionScriptingTraits (0ms)
		AnalyzeDomain (307ms)
			TypeCache.Refresh (12ms)
				TypeCache.ScanAssembly (0ms)
			BuildScriptInfoCaches (279ms)
			ResolveRequiredComponents (11ms)
	FinalizeReload (1485ms)
		ReleaseScriptCaches (0ms)
		RebuildScriptCaches (0ms)
		SetupLoadedEditorAssemblies (1239ms)
			LogAssemblyErrors (0ms)
			InitializePlatformSupportModulesInManaged (4ms)
			SetLoadedEditorAssemblies (6ms)
			BeforeProcessingInitializeOnLoad (295ms)
			ProcessInitializeOnLoadAttributes (817ms)
			ProcessInitializeOnLoadMethodAttributes (102ms)
			AfterProcessingInitializeOnLoad (15ms)
			EditorAssembliesLoaded (0ms)
		ExecutionOrderSort2 (0ms)
		AwakeInstancesAfterBackupRestoration (13ms)
Refreshing native plugins compatible for Editor in 2.04 ms, found 4 plugins.
Preloading 0 native plugins for Editor in 0.00 ms.
Unloading 0 Unused Serialized files (Serialized files now loaded: 0)
Unloading 5020 unused Assets / (1.2 MB). Loaded Objects now: 5653.
Memory consumption went from 104.8 MB to 103.6 MB.
Total: 14.669700 ms (FindLiveObjects: 0.872000 ms CreateObjectMapping: 0.515500 ms MarkObjects: 11.077600 ms  DeleteObjects: 2.202500 ms)

Prepare: number of updated asset objects reloaded= 0
========================================================================
Received Prepare
Begin MonoManager ReloadAssembly
[Licensing::Client] Successfully resolved entitlement details
- Loaded All Assemblies, in  1.386 seconds
Refreshing native plugins compatible for Editor in 1.95 ms, found 4 plugins.
Native extension for WindowsStandalone target not found
Native extension for WebGL target not found
[Package Manager] Failed to launch server process. Reason: Unity was launched with the -noUpm command-line argument
[Package Manager] Unable to send message (not connected to server process).
[Package Manager] Cannot connect to Unity Package Manager local server
ScheduleIndexationOnStartup MainProcess:False IndexOnStartup:True
Mono: successfully reloaded assembly
- Finished resetting the current domain, in  1.633 seconds
Domain Reload Profiling: 3017ms
	BeginReloadAssembly (407ms)
		ExecutionOrderSort (0ms)
		DisableScriptedObjects (27ms)
		BackupInstance (0ms)
		ReleaseScriptingObjects (0ms)
		CreateAndSetChildDomain (97ms)
	RebuildCommonClasses (72ms)
	RebuildNativeTypeToScriptingClass (28ms)
	initialDomainReloadingComplete (62ms)
	LoadAllAssembliesAndSetupDomain (813ms)
		LoadAssemblies (693ms)
		RebuildTransferFunctionScriptingTraits (0ms)
		AnalyzeDomain (318ms)
			TypeCache.Refresh (18ms)
				TypeCache.ScanAssembly (0ms)
			BuildScriptInfoCaches (284ms)
			ResolveRequiredComponents (11ms)
	FinalizeReload (1634ms)
		ReleaseScriptCaches (0ms)
		RebuildScriptCaches (0ms)
		SetupLoadedEditorAssemblies (1390ms)
			LogAssemblyErrors (0ms)
			InitializePlatformSupportModulesInManaged (4ms)
			SetLoadedEditorAssemblies (10ms)
			BeforeProcessingInitializeOnLoad (316ms)
			ProcessInitializeOnLoadAttributes (941ms)
			ProcessInitializeOnLoadMethodAttributes (104ms)
			AfterProcessingInitializeOnLoad (14ms)
			EditorAssembliesLoaded (1ms)
		ExecutionOrderSort2 (0ms)
		AwakeInstancesAfterBackupRestoration (12ms)
Refreshing native plugins compatible for Editor in 2.11 ms, found 4 plugins.
Preloading 0 native plugins for Editor in 0.00 ms.
Unloading 0 Unused Serialized files (Serialized files now loaded: 0)
Unloading 5020 unused Assets / (1.1 MB). Loaded Objects now: 5656.
Memory consumption went from 104.8 MB to 103.7 MB.
Total: 13.883600 ms (FindLiveObjects: 0.965300 ms CreateObjectMapping: 0.736900 ms MarkObjects: 10.207700 ms  DeleteObjects: 1.972200 ms)

Prepare: number of updated asset objects reloaded= 0
========================================================================
Received Import Request.
  Time since last request: 2641.456643 seconds.
  path: Assets/Warrior free set/PlayerAnimation.cs
  artifactKey: Guid(c961102eadba7f24d8401b39e4caa20d) Importer(2089858483,b0f066a214c2f5e87bad3c948f4d605d)
Start importing Assets/Warrior free set/PlayerAnimation.cs using Guid(c961102eadba7f24d8401b39e4caa20d) Importer(2089858483,b0f066a214c2f5e87bad3c948f4d605d) (ScriptedImporter) -> (artifact id: 'b6ad234a3e782fbfbba5c2ecedea48c8') in 0.1568874 seconds
Number of updated asset objects reloaded before import = 0Number of asset objects unloaded after import = 0

========================================================================
Received Import Request.
  Time since last request: 0.544892 seconds.
  path: Assets/Warrior free set/PlayerAnimation.controller
  artifactKey: Guid(8466c8086a3c3944ba44e37385dac978) Importer(2089858483,b0f066a214c2f5e87bad3c948f4d605d)
Start importing Assets/Warrior free set/PlayerAnimation.controller using Guid(8466c8086a3c3944ba44e37385dac978) Importer(2089858483,b0f066a214c2f5e87bad3c948f4d605d) (ScriptedImporter) -> (artifact id: 'cf0ed502b13c5e685af4e3fe3fba67b2') in 0.0343924 seconds
Number of updated asset objects reloaded before import = 0Number of asset objects unloaded after import = 20

========================================================================
Received Import Request.
  Time since last request: 19.733247 seconds.
  path: Assets/Warrior free set/Warrior_SheetnoEffect_0.prefab
  artifactKey: Guid(735d66e0bf5a9a74cbd5c5ca9006ce4d) Importer(815301076,1909f56bfc062723c751e8b465ee728b)
Start importing Assets/Warrior free set/Warrior_SheetnoEffect_0.prefab using Guid(735d66e0bf5a9a74cbd5c5ca9006ce4d) Importer(815301076,1909f56bfc062723c751e8b465ee728b) (PreviewImporter) -> (artifact id: '4bfa8350777f4a686782da22bd461145') in 0.2242616 seconds
Number of updated asset objects reloaded before import = 0Number of asset objects unloaded after import = 74

========================================================================
Received Import Request.
  Time since last request: 0.663187 seconds.
  path: Assets/Warrior free set/Warrior_SheetnoEffect_0.prefab
  artifactKey: Guid(735d66e0bf5a9a74cbd5c5ca9006ce4d) Importer(2089858483,b0f066a214c2f5e87bad3c948f4d605d)
Start importing Assets/Warrior free set/Warrior_SheetnoEffect_0.prefab using Guid(735d66e0bf5a9a74cbd5c5ca9006ce4d) Importer(2089858483,b0f066a214c2f5e87bad3c948f4d605d) (ScriptedImporter) -> (artifact id: '8b0c7b083f5441c7155f1dedd15f7e48') in 0.128252 seconds
Number of updated asset objects reloaded before import = 0Number of asset objects unloaded after import = 32

========================================================================
Received Import Request.
  Time since last request: 49.558326 seconds.
  path: Assets/Monsters Creatures Fantasy/Animations/Flying eye/Flyingeye_anim.anim
  artifactKey: Guid(8b362eb5fc8a0ae49b152c162d5540df) Importer(815301076,1909f56bfc062723c751e8b465ee728b)
Start importing Assets/Monsters Creatures Fantasy/Animations/Flying eye/Flyingeye_anim.anim using Guid(8b362eb5fc8a0ae49b152c162d5540df) Importer(815301076,1909f56bfc062723c751e8b465ee728b) (PreviewImporter) -> (artifact id: 'c50930aa48c7bd28e5a10ad9454f7927') in 0.0020361 seconds
Number of updated asset objects reloaded before import = 0Number of asset objects unloaded after import = 1

========================================================================
Received Import Request.
  Time since last request: 0.003357 seconds.
  path: Assets/Monsters Creatures Fantasy/Sprites/Goblin/Attack1.png
  artifactKey: Guid(f84c06efa9991bd49b5553f54f400348) Importer(815301076,1909f56bfc062723c751e8b465ee728b)
Start importing Assets/Monsters Creatures Fantasy/Sprites/Goblin/Attack1.png using Guid(f84c06efa9991bd49b5553f54f400348) Importer(815301076,1909f56bfc062723c751e8b465ee728b) (PreviewImporter) -> (artifact id: '947dc079c2f82e603ca51583015f36d1') in 0.0908841 seconds
Number of updated asset objects reloaded before import = 0Number of asset objects unloaded after import = 10

========================================================================
Received Import Request.
  Time since last request: 0.003521 seconds.
  path: Assets/Monsters Creatures Fantasy/Sprites/Mushroom/Attack2.png
  artifactKey: Guid(179f77b4a77508644bb0e4717e8add6a) Importer(815301076,1909f56bfc062723c751e8b465ee728b)
Start importing Assets/Monsters Creatures Fantasy/Sprites/Mushroom/Attack2.png using Guid(179f77b4a77508644bb0e4717e8add6a) Importer(815301076,1909f56bfc062723c751e8b465ee728b) (PreviewImporter) -> (artifact id: 'a00db38029dd643f44d7371665daa7cf') in 0.0497057 seconds
Number of updated asset objects reloaded before import = 0Number of asset objects unloaded after import = 10

========================================================================
Received Import Request.
  Time since last request: 0.002809 seconds.
  path: Assets/Warrior free set/PlayerAnimation.controller
  artifactKey: Guid(8466c8086a3c3944ba44e37385dac978) Importer(815301076,1909f56bfc062723c751e8b465ee728b)
Start importing Assets/Warrior free set/PlayerAnimation.controller using Guid(8466c8086a3c3944ba44e37385dac978) Importer(815301076,1909f56bfc062723c751e8b465ee728b) (PreviewImporter) -> (artifact id: '6d91f5c9e9d71f0501f3ca5c22144df3') in 0.0061546 seconds
Number of updated asset objects reloaded before import = 0Number of asset objects unloaded after import = 20

========================================================================
Received Import Request.
  Time since last request: 0.003271 seconds.
  path: Assets/Warrior free set/Aniamtion/Ladder.anim
  artifactKey: Guid(7c1bece9a5bdcd24d974ee97558a1f46) Importer(815301076,1909f56bfc062723c751e8b465ee728b)
Start importing Assets/Warrior free set/Aniamtion/Ladder.anim using Guid(7c1bece9a5bdcd24d974ee97558a1f46) Importer(815301076,1909f56bfc062723c751e8b465ee728b) (PreviewImporter) -> (artifact id: '3200ceebc8cdefb4b6fdf6e57ff5debf') in 0.0023428 seconds
Number of updated asset objects reloaded before import = 0Number of asset objects unloaded after import = 1

========================================================================
Received Import Request.
  Time since last request: 0.002540 seconds.
  path: Assets/Warrior free set/PlayerMove.cs
  artifactKey: Guid(f0bfe8a661671a14ea4e7dbd2e75a149) Importer(815301076,1909f56bfc062723c751e8b465ee728b)
Start importing Assets/Warrior free set/PlayerMove.cs using Guid(f0bfe8a661671a14ea4e7dbd2e75a149) Importer(815301076,1909f56bfc062723c751e8b465ee728b) (PreviewImporter) -> (artifact id: '8c309e66ee7fb83793c1b9bedbcee723') in 0.0006377 seconds
Number of updated asset objects reloaded before import = 0Number of asset objects unloaded after import = 0

========================================================================
Received Import Request.
  Time since last request: 0.002004 seconds.
  path: Assets/Monsters Creatures Fantasy/Sprites/Mushroom
  artifactKey: Guid(c50392c3fe9138043b78e7611d958478) Importer(815301076,1909f56bfc062723c751e8b465ee728b)
Start importing Assets/Monsters Creatures Fantasy/Sprites/Mushroom using Guid(c50392c3fe9138043b78e7611d958478) Importer(815301076,1909f56bfc062723c751e8b465ee728b) (PreviewImporter) -> (artifact id: '443ff0d8ee8ebfe0d2cfd3dc0ace06f3') in 0.0005407 seconds
Number of updated asset objects reloaded before import = 0Number of asset objects unloaded after import = 0

========================================================================
Received Import Request.
  Time since last request: 0.002747 seconds.
  path: Assets/Monsters Creatures Fantasy/Sprites/Mushroom/Attack1.png
  artifactKey: Guid(5cdfcef2d5ef97347a8d7935407f81ab) Importer(815301076,1909f56bfc062723c751e8b465ee728b)
Start importing Assets/Monsters Creatures Fantasy/Sprites/Mushroom/Attack1.png using Guid(5cdfcef2d5ef97347a8d7935407f81ab) Importer(815301076,1909f56bfc062723c751e8b465ee728b) (PreviewImporter) -> (artifact id: '1b650b11e4646fda79a0b68929856d5a') in 0.0480363 seconds
Number of updated asset objects reloaded before import = 0Number of asset objects unloaded after import = 10

========================================================================
Received Import Request.
  Time since last request: 0.002529 seconds.
  path: Assets/Monsters Creatures Fantasy/Animations/Goblin/Goblin_anim.anim
  artifactKey: Guid(a52d7d1a02ed42d4fa1f28e704688eab) Importer(815301076,1909f56bfc062723c751e8b465ee728b)
Start importing Assets/Monsters Creatures Fantasy/Animations/Goblin/Goblin_anim.anim using Guid(a52d7d1a02ed42d4fa1f28e704688eab) Importer(815301076,1909f56bfc062723c751e8b465ee728b) (PreviewImporter) -> (artifact id: 'be8d6955fae1e0e7731b9ca9e5c65549') in 0.0017403 seconds
Number of updated asset objects reloaded before import = 0Number of asset objects unloaded after import = 1

========================================================================
Received Import Request.
  Time since last request: 0.006317 seconds.
  path: Assets/Warrior free set/Aniamtion/Idle.anim
  artifactKey: Guid(8b4bca35bb3e78b43ad321336761a756) Importer(815301076,1909f56bfc062723c751e8b465ee728b)
Start importing Assets/Warrior free set/Aniamtion/Idle.anim using Guid(8b4bca35bb3e78b43ad321336761a756) Importer(815301076,1909f56bfc062723c751e8b465ee728b) (PreviewImporter) -> (artifact id: 'fb2d98307820e136e9351735424f8412') in 0.0026631 seconds
Number of updated asset objects reloaded before import = 0Number of asset objects unloaded after import = 1

========================================================================
Received Import Request.
  Time since last request: 0.003600 seconds.
  path: Assets/Monsters Creatures Fantasy/Sprites/Skeleton/Shield.png
  artifactKey: Guid(f296174d37bb31841bccf9b56d811f9d) Importer(815301076,1909f56bfc062723c751e8b465ee728b)
Start importing Assets/Monsters Creatures Fantasy/Sprites/Skeleton/Shield.png using Guid(f296174d37bb31841bccf9b56d811f9d) Importer(815301076,1909f56bfc062723c751e8b465ee728b) (PreviewImporter) -> (artifact id: '0f83000a8061ab0a7404fca3902481cb') in 0.0394386 seconds
Number of updated asset objects reloaded before import = 0Number of asset objects unloaded after import = 6

========================================================================
Received Import Request.
  Time since last request: 0.005064 seconds.
  path: Assets/Warrior free set/Aniamtion/Edge-Idle.anim
  artifactKey: Guid(11ba2ffc119f44a4db87278fdd17e1c2) Importer(815301076,1909f56bfc062723c751e8b465ee728b)
Start importing Assets/Warrior free set/Aniamtion/Edge-Idle.anim using Guid(11ba2ffc119f44a4db87278fdd17e1c2) Importer(815301076,1909f56bfc062723c751e8b465ee728b) (PreviewImporter) -> (artifact id: '3784e8449d4feac1fb19b05b93d91f0d') in 0.0015685 seconds
Number of updated asset objects reloaded before import = 0Number of asset objects unloaded after import = 1

========================================================================
Received Import Request.
  Time since last request: 0.002487 seconds.
  path: Assets/Monsters Creatures Fantasy/Sprites/Skeleton
  artifactKey: Guid(fd6e1b5c7ba099a4794022de3b75a7c6) Importer(815301076,1909f56bfc062723c751e8b465ee728b)
Start importing Assets/Monsters Creatures Fantasy/Sprites/Skeleton using Guid(fd6e1b5c7ba099a4794022de3b75a7c6) Importer(815301076,1909f56bfc062723c751e8b465ee728b) (PreviewImporter) -> (artifact id: '3bf5070af56ce019f19fbce7ef8ad3bb') in 0.0005283 seconds
Number of updated asset objects reloaded before import = 0Number of asset objects unloaded after import = 0

========================================================================
Received Import Request.
  Time since last request: 0.003372 seconds.
  path: Assets/Monsters Creatures Fantasy/Sprites/Goblin/Attack2.png
  artifactKey: Guid(0bde33da364a06c4ab011aca33752f33) Importer(815301076,1909f56bfc062723c751e8b465ee728b)
Start importing Assets/Monsters Creatures Fantasy/Sprites/Goblin/Attack2.png using Guid(0bde33da364a06c4ab011aca33752f33) Importer(815301076,1909f56bfc062723c751e8b465ee728b) (PreviewImporter) -> (artifact id: '809ec2caf4763450424a7ed5059626c4') in 0.0517442 seconds
Number of updated asset objects reloaded before import = 0Number of asset objects unloaded after import = 10

========================================================================
Received Import Request.
  Time since last request: 0.003457 seconds.
  path: Assets/Monsters Creatures Fantasy/Animations/Goblin
  artifactKey: Guid(cc36e2597b54ecb4780a98efdd50175e) Importer(815301076,1909f56bfc062723c751e8b465ee728b)
Start importing Assets/Monsters Creatures Fantasy/Animations/Goblin using Guid(cc36e2597b54ecb4780a98efdd50175e) Importer(815301076,1909f56bfc062723c751e8b465ee728b) (PreviewImporter) -> (artifact id: 'a3c010a4626e29c18d64e783cc77242f') in 0.0007135 seconds
Number of updated asset objects reloaded before import = 0Number of asset objects unloaded after import = 0

========================================================================
Received Import Request.
  Time since last request: 0.003552 seconds.
  path: Assets/Warrior free set/Aniamtion/Dash NoDust.anim
  artifactKey: Guid(843e70cca0afdad4fb614572c2f62d3e) Importer(815301076,1909f56bfc062723c751e8b465ee728b)
Start importing Assets/Warrior free set/Aniamtion/Dash NoDust.anim using Guid(843e70cca0afdad4fb614572c2f62d3e) Importer(815301076,1909f56bfc062723c751e8b465ee728b) (PreviewImporter) -> (artifact id: 'ac4600a64491528b95171f209804a791') in 0.0015955 seconds
Number of updated asset objects reloaded before import = 0Number of asset objects unloaded after import = 1

========================================================================
Received Import Request.
  Time since last request: 0.002738 seconds.
  path: Assets/Monsters Creatures Fantasy/Animations/Skeleton/Idle_0.controller
  artifactKey: Guid(7052c8b4bb06f644ea75e62b72afedbd) Importer(815301076,1909f56bfc062723c751e8b465ee728b)
Start importing Assets/Monsters Creatures Fantasy/Animations/Skeleton/Idle_0.controller using Guid(7052c8b4bb06f644ea75e62b72afedbd) Importer(815301076,1909f56bfc062723c751e8b465ee728b) (PreviewImporter) -> (artifact id: 'd623608f9ba183c63b75cd2ef14219dd') in 0.0016781 seconds
Number of updated asset objects reloaded before import = 0Number of asset objects unloaded after import = 4

========================================================================
Received Import Request.
  Time since last request: 0.001820 seconds.
  path: Assets/Monsters Creatures Fantasy/Animations/Mushroom
  artifactKey: Guid(058faacfccfeffc4aa9cf489fcdf9f98) Importer(815301076,1909f56bfc062723c751e8b465ee728b)
Start importing Assets/Monsters Creatures Fantasy/Animations/Mushroom using Guid(058faacfccfeffc4aa9cf489fcdf9f98) Importer(815301076,1909f56bfc062723c751e8b465ee728b) (PreviewImporter) -> (artifact id: '36d85be5df163861f29de88783c63fe3') in 0.0009715 seconds
Number of updated asset objects reloaded before import = 0Number of asset objects unloaded after import = 0

========================================================================
Received Import Request.
  Time since last request: 0.003653 seconds.
  path: Assets/Monsters Creatures Fantasy/Sprites/Flying eye/Attack2.png
  artifactKey: Guid(dd255f029b1eb1347b77fb335d97ea38) Importer(815301076,1909f56bfc062723c751e8b465ee728b)
Start importing Assets/Monsters Creatures Fantasy/Sprites/Flying eye/Attack2.png using Guid(dd255f029b1eb1347b77fb335d97ea38) Importer(815301076,1909f56bfc062723c751e8b465ee728b) (PreviewImporter) -> (artifact id: 'c893027133e68aa4b35220961693504c') in 0.0404722 seconds
Number of updated asset objects reloaded before import = 0Number of asset objects unloaded after import = 10

========================================================================
Received Import Request.
  Time since last request: 0.005644 seconds.
  path: Assets/Warrior free set/Aniamtion/JumptoFall.anim
  artifactKey: Guid(d4df6aa762f158d4a87a28b86c298977) Importer(815301076,1909f56bfc062723c751e8b465ee728b)
Start importing Assets/Warrior free set/Aniamtion/JumptoFall.anim using Guid(d4df6aa762f158d4a87a28b86c298977) Importer(815301076,1909f56bfc062723c751e8b465ee728b) (PreviewImporter) -> (artifact id: '230d5f53b8f8887ab59803f0dfbfea2c') in 0.0016076 seconds
Number of updated asset objects reloaded before import = 0Number of asset objects unloaded after import = 1

========================================================================
Received Import Request.
  Time since last request: 0.003896 seconds.
  path: Assets/Monsters Creatures Fantasy/Sprites/Skeleton/Walk.png
  artifactKey: Guid(c5b15ca3a0987ac46b73e4a04e12eeb2) Importer(815301076,1909f56bfc062723c751e8b465ee728b)
Start importing Assets/Monsters Creatures Fantasy/Sprites/Skeleton/Walk.png using Guid(c5b15ca3a0987ac46b73e4a04e12eeb2) Importer(815301076,1909f56bfc062723c751e8b465ee728b) (PreviewImporter) -> (artifact id: '6dfa3cef0780508ab4d6744c770f3c57') in 0.0290166 seconds
Number of updated asset objects reloaded before import = 0Number of asset objects unloaded after import = 6

========================================================================
Received Import Request.
  Time since last request: 0.003051 seconds.
  path: Assets/Monsters Creatures Fantasy/Sprites/Goblin/Take Hit.png
  artifactKey: Guid(8dee453321432cc47b70ddef8f3a3a68) Importer(815301076,1909f56bfc062723c751e8b465ee728b)
Start importing Assets/Monsters Creatures Fantasy/Sprites/Goblin/Take Hit.png using Guid(8dee453321432cc47b70ddef8f3a3a68) Importer(815301076,1909f56bfc062723c751e8b465ee728b) (PreviewImporter) -> (artifact id: '1e0d359dc80dbcc54178c6361b97fe4a') in 0.039921 seconds
Number of updated asset objects reloaded before import = 0Number of asset objects unloaded after import = 6

========================================================================
Received Import Request.
  Time since last request: 0.005526 seconds.
  path: Assets/Monsters Creatures Fantasy/Sprites/Goblin/Death.png
  artifactKey: Guid(cbd77a78256671c4c9cf1492e8ce39b1) Importer(815301076,1909f56bfc062723c751e8b465ee728b)
Start importing Assets/Monsters Creatures Fantasy/Sprites/Goblin/Death.png using Guid(cbd77a78256671c4c9cf1492e8ce39b1) Importer(815301076,1909f56bfc062723c751e8b465ee728b) (PreviewImporter) -> (artifact id: '8dae4ae8fe626e4804e69b9d0d201be6') in 0.0397932 seconds
Number of updated asset objects reloaded before import = 0Number of asset objects unloaded after import = 6

========================================================================
Received Import Request.
  Time since last request: 0.003755 seconds.
  path: Assets/Monsters Creatures Fantasy/Sprites/Skeleton/Attack2.png
  artifactKey: Guid(267c7fb536f99514ea7c4e7236d4bdf8) Importer(815301076,1909f56bfc062723c751e8b465ee728b)
Start importing Assets/Monsters Creatures Fantasy/Sprites/Skeleton/Attack2.png using Guid(267c7fb536f99514ea7c4e7236d4bdf8) Importer(815301076,1909f56bfc062723c751e8b465ee728b) (PreviewImporter) -> (artifact id: '001027f3c51855755394b4dac85d5277') in 0.0506701 seconds
Number of updated asset objects reloaded before import = 0Number of asset objects unloaded after import = 10

========================================================================
Received Import Request.
  Time since last request: 0.004196 seconds.
  path: Assets/Monsters Creatures Fantasy/Sprites/Flying eye/Take Hit.png
  artifactKey: Guid(244d2b7af82202d4daae9b898fd596d1) Importer(815301076,1909f56bfc062723c751e8b465ee728b)
Start importing Assets/Monsters Creatures Fantasy/Sprites/Flying eye/Take Hit.png using Guid(244d2b7af82202d4daae9b898fd596d1) Importer(815301076,1909f56bfc062723c751e8b465ee728b) (PreviewImporter) -> (artifact id: 'e28396a667d59b0c8dad55c40493926c') in 0.0375681 seconds
Number of updated asset objects reloaded before import = 0Number of asset objects unloaded after import = 6

========================================================================
Received Import Request.
  Time since last request: 0.003542 seconds.
  path: Assets/Monsters Creatures Fantasy/Animations/Mushroom/Idle_0.controller
  artifactKey: Guid(739240ec3c850bd449c1aae3fd751554) Importer(815301076,1909f56bfc062723c751e8b465ee728b)
Start importing Assets/Monsters Creatures Fantasy/Animations/Mushroom/Idle_0.controller using Guid(739240ec3c850bd449c1aae3fd751554) Importer(815301076,1909f56bfc062723c751e8b465ee728b) (PreviewImporter) -> (artifact id: '102166c998600a8381091a4ec4094e97') in 0.0021255 seconds
Number of updated asset objects reloaded before import = 0Number of asset objects unloaded after import = 4

========================================================================
Received Import Request.
  Time since last request: 0.006611 seconds.
  path: Assets/Monsters Creatures Fantasy/Sprites/Skeleton/Idle.png
  artifactKey: Guid(1018b0ba13578bf459bd254ae1a2be99) Importer(815301076,1909f56bfc062723c751e8b465ee728b)
Start importing Assets/Monsters Creatures Fantasy/Sprites/Skeleton/Idle.png using Guid(1018b0ba13578bf459bd254ae1a2be99) Importer(815301076,1909f56bfc062723c751e8b465ee728b) (PreviewImporter) -> (artifact id: 'cfd81c2d186c63eb10e7cca6873a82ce') in 0.0296067 seconds
Number of updated asset objects reloaded before import = 0Number of asset objects unloaded after import = 6

========================================================================
Received Import Request.
  Time since last request: 0.003005 seconds.
  path: Assets/Monsters Creatures Fantasy/Animations/Flying eye/Flight_0.controller
  artifactKey: Guid(17416659cc086114ba98756fe74c76f2) Importer(815301076,1909f56bfc062723c751e8b465ee728b)
Start importing Assets/Monsters Creatures Fantasy/Animations/Flying eye/Flight_0.controller using Guid(17416659cc086114ba98756fe74c76f2) Importer(815301076,1909f56bfc062723c751e8b465ee728b) (PreviewImporter) -> (artifact id: 'f330b60e80226770a74ad6103cba1ceb') in 0.0018704 seconds
Number of updated asset objects reloaded before import = 0Number of asset objects unloaded after import = 4

========================================================================
Received Import Request.
  Time since last request: 0.002600 seconds.
  path: Assets/Monsters Creatures Fantasy/Demo
  artifactKey: Guid(61e984864bbfbe54faef504853c0c8d2) Importer(815301076,1909f56bfc062723c751e8b465ee728b)
Start importing Assets/Monsters Creatures Fantasy/Demo using Guid(61e984864bbfbe54faef504853c0c8d2) Importer(815301076,1909f56bfc062723c751e8b465ee728b) (PreviewImporter) -> (artifact id: '4d562ce2e3dfc839127e171aedbd2c69') in 0.0009372 seconds
Number of updated asset objects reloaded before import = 0Number of asset objects unloaded after import = 0

========================================================================
Received Import Request.
  Time since last request: 0.002408 seconds.
  path: Assets/Warrior free set/Aniamtion/Fall.anim
  artifactKey: Guid(9587ae898133e8144b76c4532c6796af) Importer(815301076,1909f56bfc062723c751e8b465ee728b)
Start importing Assets/Warrior free set/Aniamtion/Fall.anim using Guid(9587ae898133e8144b76c4532c6796af) Importer(815301076,1909f56bfc062723c751e8b465ee728b) (PreviewImporter) -> (artifact id: '923b27d4de920f5489bb6aaabdecd697') in 0.0020514 seconds
Number of updated asset objects reloaded before import = 0Number of asset objects unloaded after import = 1

========================================================================
Received Import Request.
  Time since last request: 0.003466 seconds.
  path: Assets/Monsters Creatures Fantasy/Sprites/Mushroom/Take Hit.png
  artifactKey: Guid(dcdda75e148449b4283619583230b32e) Importer(815301076,1909f56bfc062723c751e8b465ee728b)
Start importing Assets/Monsters Creatures Fantasy/Sprites/Mushroom/Take Hit.png using Guid(dcdda75e148449b4283619583230b32e) Importer(815301076,1909f56bfc062723c751e8b465ee728b) (PreviewImporter) -> (artifact id: '7e91c3a5004b66de875390b537431350') in 0.0330771 seconds
Number of updated asset objects reloaded before import = 0Number of asset objects unloaded after import = 6

========================================================================
Received Import Request.
  Time since last request: 0.003376 seconds.
  path: Assets/Monsters Creatures Fantasy/Sprites/Flying eye/Flight.png
  artifactKey: Guid(6d7cd4f7505dc674c891ca8946cfd98b) Importer(815301076,1909f56bfc062723c751e8b465ee728b)
Start importing Assets/Monsters Creatures Fantasy/Sprites/Flying eye/Flight.png using Guid(6d7cd4f7505dc674c891ca8946cfd98b) Importer(815301076,1909f56bfc062723c751e8b465ee728b) (PreviewImporter) -> (artifact id: '04a392e1c51d63e3767ce64caa0a8d98') in 0.0486 seconds
Number of updated asset objects reloaded before import = 0Number of asset objects unloaded after import = 10

========================================================================
Received Import Request.
  Time since last request: 0.004640 seconds.
  path: Assets/Monsters Creatures Fantasy/Sprites/Skeleton/Attack1.png
  artifactKey: Guid(5f19f67e94a2e2f4ba57d2b338387c11) Importer(815301076,1909f56bfc062723c751e8b465ee728b)
Start importing Assets/Monsters Creatures Fantasy/Sprites/Skeleton/Attack1.png using Guid(5f19f67e94a2e2f4ba57d2b338387c11) Importer(815301076,1909f56bfc062723c751e8b465ee728b) (PreviewImporter) -> (artifact id: '397d9f4ca9ab787f072f7f3774cd90a6') in 0.0487337 seconds
Number of updated asset objects reloaded before import = 0Number of asset objects unloaded after import = 10

========================================================================
Received Import Request.
  Time since last request: 0.003179 seconds.
  path: Assets/Warrior free set/Aniamtion/jump.anim
  artifactKey: Guid(a6fdf3b62c5b8de418436d0859a8b671) Importer(815301076,1909f56bfc062723c751e8b465ee728b)
Start importing Assets/Warrior free set/Aniamtion/jump.anim using Guid(a6fdf3b62c5b8de418436d0859a8b671) Importer(815301076,1909f56bfc062723c751e8b465ee728b) (PreviewImporter) -> (artifact id: '6a8610dbce3a38af0424348e301a4335') in 0.0014094 seconds
Number of updated asset objects reloaded before import = 0Number of asset objects unloaded after import = 1

========================================================================
Received Import Request.
  Time since last request: 0.002781 seconds.
  path: Assets/Monsters Creatures Fantasy/Sprites/Flying eye
  artifactKey: Guid(751e441fc6a343b49ae728f032e9a418) Importer(815301076,1909f56bfc062723c751e8b465ee728b)
Start importing Assets/Monsters Creatures Fantasy/Sprites/Flying eye using Guid(751e441fc6a343b49ae728f032e9a418) Importer(815301076,1909f56bfc062723c751e8b465ee728b) (PreviewImporter) -> (artifact id: '03ab697b5e49b4838015a456e169d4bd') in 0.0005634 seconds
Number of updated asset objects reloaded before import = 0Number of asset objects unloaded after import = 0

========================================================================
Received Import Request.
  Time since last request: 0.002246 seconds.
  path: Assets/Monsters Creatures Fantasy/Sprites/Goblin
  artifactKey: Guid(bf258c1ee77364e4b8527f51bae39f43) Importer(815301076,1909f56bfc062723c751e8b465ee728b)
Start importing Assets/Monsters Creatures Fantasy/Sprites/Goblin using Guid(bf258c1ee77364e4b8527f51bae39f43) Importer(815301076,1909f56bfc062723c751e8b465ee728b) (PreviewImporter) -> (artifact id: 'e51579e2d15447271276762c0e081ee3') in 0.0006468 seconds
Number of updated asset objects reloaded before import = 0Number of asset objects unloaded after import = 0

========================================================================
Received Import Request.
  Time since last request: 0.002645 seconds.
  path: Assets/Warrior free set/Aniamtion/Croush.anim
  artifactKey: Guid(86b139d11aaba54458842c1e10da363f) Importer(815301076,1909f56bfc062723c751e8b465ee728b)
Start importing Assets/Warrior free set/Aniamtion/Croush.anim using Guid(86b139d11aaba54458842c1e10da363f) Importer(815301076,1909f56bfc062723c751e8b465ee728b) (PreviewImporter) -> (artifact id: 'a2f7416f8c99dc89ba5ecc9dcdc990ff') in 0.0021617 seconds
Number of updated asset objects reloaded before import = 0Number of asset objects unloaded after import = 1

========================================================================
Received Import Request.
  Time since last request: 0.005588 seconds.
  path: Assets/Warrior free set/Sprite Sheet/Warrior_SheetnoEffect.png
  artifactKey: Guid(3accdbde4e56f5c4e9cfa311b8cef55f) Importer(815301076,1909f56bfc062723c751e8b465ee728b)
Start importing Assets/Warrior free set/Sprite Sheet/Warrior_SheetnoEffect.png using Guid(3accdbde4e56f5c4e9cfa311b8cef55f) Importer(815301076,1909f56bfc062723c751e8b465ee728b) (PreviewImporter) -> (artifact id: '073690a4a6152a5d0a142312d2f256b8') in 0.2894247 seconds
Number of updated asset objects reloaded before import = 0Number of asset objects unloaded after import = 101

========================================================================
Received Import Request.
  Time since last request: 0.002714 seconds.
  path: Assets/Monsters Creatures Fantasy/Animations
  artifactKey: Guid(416987a187104234780ffa45187aced9) Importer(815301076,1909f56bfc062723c751e8b465ee728b)
Start importing Assets/Monsters Creatures Fantasy/Animations using Guid(416987a187104234780ffa45187aced9) Importer(815301076,1909f56bfc062723c751e8b465ee728b) (PreviewImporter) -> (artifact id: 'e4248ba24a2ef0c787374f57c70c763d') in 0.0007274 seconds
Number of updated asset objects reloaded before import = 0Number of asset objects unloaded after import = 0

========================================================================
Received Import Request.
  Time since last request: 0.003117 seconds.
  path: Assets/Monsters Creatures Fantasy/Sprites/Flying eye/Attack1.png
  artifactKey: Guid(ce3326307819d6e4497038e63e070108) Importer(815301076,1909f56bfc062723c751e8b465ee728b)
Start importing Assets/Monsters Creatures Fantasy/Sprites/Flying eye/Attack1.png using Guid(ce3326307819d6e4497038e63e070108) Importer(815301076,1909f56bfc062723c751e8b465ee728b) (PreviewImporter) -> (artifact id: 'a4f3248a28cecd73fd8a4475df29cea1') in 0.0421848 seconds
Number of updated asset objects reloaded before import = 0Number of asset objects unloaded after import = 10

========================================================================
Received Import Request.
  Time since last request: 0.003293 seconds.
  path: Assets/Monsters Creatures Fantasy/Sprites/Skeleton/Take Hit.png
  artifactKey: Guid(f7fb89b82e205ea4ba8a88cee4d3070b) Importer(815301076,1909f56bfc062723c751e8b465ee728b)
Start importing Assets/Monsters Creatures Fantasy/Sprites/Skeleton/Take Hit.png using Guid(f7fb89b82e205ea4ba8a88cee4d3070b) Importer(815301076,1909f56bfc062723c751e8b465ee728b) (PreviewImporter) -> (artifact id: '09f5c440f70563a4a1b272c626874900') in 0.0397792 seconds
Number of updated asset objects reloaded before import = 0Number of asset objects unloaded after import = 6

========================================================================
Received Import Request.
  Time since last request: 0.010944 seconds.
  path: Assets/Monsters Creatures Fantasy/Sprites/Skeleton/Death.png
  artifactKey: Guid(29ba92ebaa6f6964083271810310d1ca) Importer(815301076,1909f56bfc062723c751e8b465ee728b)
Start importing Assets/Monsters Creatures Fantasy/Sprites/Skeleton/Death.png using Guid(29ba92ebaa6f6964083271810310d1ca) Importer(815301076,1909f56bfc062723c751e8b465ee728b) (PreviewImporter) -> (artifact id: '80ab69cae27f0526dd5c78823239f0e8') in 0.0395192 seconds
Number of updated asset objects reloaded before import = 0Number of asset objects unloaded after import = 6

========================================================================
Received Import Request.
  Time since last request: 0.003188 seconds.
  path: Assets/Warrior free set/Aniamtion/Run.anim
  artifactKey: Guid(aa852921ab2da0f4aaee7788209e4ca4) Importer(815301076,1909f56bfc062723c751e8b465ee728b)
Start importing Assets/Warrior free set/Aniamtion/Run.anim using Guid(aa852921ab2da0f4aaee7788209e4ca4) Importer(815301076,1909f56bfc062723c751e8b465ee728b) (PreviewImporter) -> (artifact id: 'c8ac5a3da55d0a3ea75b431e35ed4e8d') in 0.0015736 seconds
Number of updated asset objects reloaded before import = 0Number of asset objects unloaded after import = 1

========================================================================
Received Import Request.
  Time since last request: 0.003256 seconds.
  path: Assets/Monsters Creatures Fantasy/Sprites/Goblin/Run.png
  artifactKey: Guid(048dae4a3e3ffa741b83654644b60a16) Importer(815301076,1909f56bfc062723c751e8b465ee728b)
Start importing Assets/Monsters Creatures Fantasy/Sprites/Goblin/Run.png using Guid(048dae4a3e3ffa741b83654644b60a16) Importer(815301076,1909f56bfc062723c751e8b465ee728b) (PreviewImporter) -> (artifact id: '8d497f70c8ee9bc483455372c68b59ab') in 0.0588241 seconds
Number of updated asset objects reloaded before import = 0Number of asset objects unloaded after import = 10

========================================================================
Received Import Request.
  Time since last request: 0.011676 seconds.
  path: Assets/Monsters Creatures Fantasy/Demo/SceneDemo.unity
  artifactKey: Guid(9b86dab9b4663f3498839add32b80ed6) Importer(815301076,1909f56bfc062723c751e8b465ee728b)
Start importing Assets/Monsters Creatures Fantasy/Demo/SceneDemo.unity using Guid(9b86dab9b4663f3498839add32b80ed6) Importer(815301076,1909f56bfc062723c751e8b465ee728b) (PreviewImporter) -> (artifact id: '28fdf41322c11d38f67ecace3c655f64') in 0.000752 seconds
Number of updated asset objects reloaded before import = 0Number of asset objects unloaded after import = 0

========================================================================
Received Import Request.
  Time since last request: 0.005625 seconds.
  path: Assets/Monsters Creatures Fantasy/Animations/Mushroom/Mushromm_anim.anim
  artifactKey: Guid(4139d936f3b360649897eb985d9bf088) Importer(815301076,1909f56bfc062723c751e8b465ee728b)
Start importing Assets/Monsters Creatures Fantasy/Animations/Mushroom/Mushromm_anim.anim using Guid(4139d936f3b360649897eb985d9bf088) Importer(815301076,1909f56bfc062723c751e8b465ee728b) (PreviewImporter) -> (artifact id: '5bbf1adbbb81a5e20836d5c40ad47850') in 0.0027981 seconds
Number of updated asset objects reloaded before import = 0Number of asset objects unloaded after import = 1

========================================================================
Received Import Request.
  Time since last request: 0.003241 seconds.
  path: Assets/Monsters Creatures Fantasy/Sprites/Goblin/Idle.png
  artifactKey: Guid(c1cdd26cc09ad224884556bc4d8296ae) Importer(815301076,1909f56bfc062723c751e8b465ee728b)
Start importing Assets/Monsters Creatures Fantasy/Sprites/Goblin/Idle.png using Guid(c1cdd26cc09ad224884556bc4d8296ae) Importer(815301076,1909f56bfc062723c751e8b465ee728b) (PreviewImporter) -> (artifact id: '633306b4b1b9c0848c155f83e5487d7c') in 0.036267 seconds
Number of updated asset objects reloaded before import = 0Number of asset objects unloaded after import = 6

========================================================================
Received Import Request.
  Time since last request: 0.004738 seconds.
  path: Assets/Monsters Creatures Fantasy/Sprites/Mushroom/Idle.png
  artifactKey: Guid(f8b30c2afe165d645b54d500a9c30862) Importer(815301076,1909f56bfc062723c751e8b465ee728b)
Start importing Assets/Monsters Creatures Fantasy/Sprites/Mushroom/Idle.png using Guid(f8b30c2afe165d645b54d500a9c30862) Importer(815301076,1909f56bfc062723c751e8b465ee728b) (PreviewImporter) -> (artifact id: '16e576ebd0edc775fdb6f6ad565654fa') in 0.0291855 seconds
Number of updated asset objects reloaded before import = 0Number of asset objects unloaded after import = 6

========================================================================
Received Import Request.
  Time since last request: 0.003016 seconds.
  path: Assets/Monsters Creatures Fantasy/Sprites/Flying eye/Death.png
  artifactKey: Guid(b9517addf15136e47a89337d912454b0) Importer(815301076,1909f56bfc062723c751e8b465ee728b)
Start importing Assets/Monsters Creatures Fantasy/Sprites/Flying eye/Death.png using Guid(b9517addf15136e47a89337d912454b0) Importer(815301076,1909f56bfc062723c751e8b465ee728b) (PreviewImporter) -> (artifact id: '61cab35a44d4cde0f2be7a88eb15e50c') in 0.0402434 seconds
Number of updated asset objects reloaded before import = 0Number of asset objects unloaded after import = 6

========================================================================
Received Import Request.
  Time since last request: 0.002279 seconds.
  path: Assets/Monsters Creatures Fantasy/Sprites
  artifactKey: Guid(4996574f823d4d4428b84c837beed802) Importer(815301076,1909f56bfc062723c751e8b465ee728b)
Start importing Assets/Monsters Creatures Fantasy/Sprites using Guid(4996574f823d4d4428b84c837beed802) Importer(815301076,1909f56bfc062723c751e8b465ee728b) (PreviewImporter) -> (artifact id: 'b028aafdfc18cbd16133c20d6aed80eb') in 0.0006678 seconds
Number of updated asset objects reloaded before import = 0Number of asset objects unloaded after import = 0

========================================================================
Received Import Request.
  Time since last request: 0.004451 seconds.
  path: Assets/Warrior free set/PlayerAnimation.cs
  artifactKey: Guid(c961102eadba7f24d8401b39e4caa20d) Importer(815301076,1909f56bfc062723c751e8b465ee728b)
Start importing Assets/Warrior free set/PlayerAnimation.cs using Guid(c961102eadba7f24d8401b39e4caa20d) Importer(815301076,1909f56bfc062723c751e8b465ee728b) (PreviewImporter) -> (artifact id: '865c6ecfb874b84df5d74aa47797f12a') in 0.0005673 seconds
Number of updated asset objects reloaded before import = 0Number of asset objects unloaded after import = 0

========================================================================
Received Import Request.
  Time since last request: 0.002583 seconds.
  path: Assets/Monsters Creatures Fantasy/Animations/Goblin/Idle_0.controller
  artifactKey: Guid(4f230fa6acf87ff4aa55a06a9691101d) Importer(815301076,1909f56bfc062723c751e8b465ee728b)
Start importing Assets/Monsters Creatures Fantasy/Animations/Goblin/Idle_0.controller using Guid(4f230fa6acf87ff4aa55a06a9691101d) Importer(815301076,1909f56bfc062723c751e8b465ee728b) (PreviewImporter) -> (artifact id: 'ef3f64af67e662fd3b48966171b7c1a0') in 0.0021596 seconds
Number of updated asset objects reloaded before import = 0Number of asset objects unloaded after import = 4

========================================================================
Received Import Request.
  Time since last request: 0.003001 seconds.
  path: Assets/Monsters Creatures Fantasy/Sprites/Mushroom/Run.png
  artifactKey: Guid(c6ac0078f39473048b9f54d791095f35) Importer(815301076,1909f56bfc062723c751e8b465ee728b)
Start importing Assets/Monsters Creatures Fantasy/Sprites/Mushroom/Run.png using Guid(c6ac0078f39473048b9f54d791095f35) Importer(815301076,1909f56bfc062723c751e8b465ee728b) (PreviewImporter) -> (artifact id: 'b1c3b232db2f2a5f69b34092f5bc502e') in 0.0414744 seconds
Number of updated asset objects reloaded before import = 0Number of asset objects unloaded after import = 10

========================================================================
Received Import Request.
  Time since last request: 0.005470 seconds.
  path: Assets/Monsters Creatures Fantasy/Animations/Skeleton
  artifactKey: Guid(062750afd9858e248a40b2593de33aa2) Importer(815301076,1909f56bfc062723c751e8b465ee728b)
Start importing Assets/Monsters Creatures Fantasy/Animations/Skeleton using Guid(062750afd9858e248a40b2593de33aa2) Importer(815301076,1909f56bfc062723c751e8b465ee728b) (PreviewImporter) -> (artifact id: 'b943efdc7309d05ebda0491a0ee06491') in 0.0011997 seconds
Number of updated asset objects reloaded before import = 0Number of asset objects unloaded after import = 0

========================================================================
Received Import Request.
  Time since last request: 0.002904 seconds.
  path: Assets/Warrior free set/Aniamtion/Hurt.anim
  artifactKey: Guid(1d521053550d8d144afedd4351f60390) Importer(815301076,1909f56bfc062723c751e8b465ee728b)
Start importing Assets/Warrior free set/Aniamtion/Hurt.anim using Guid(1d521053550d8d144afedd4351f60390) Importer(815301076,1909f56bfc062723c751e8b465ee728b) (PreviewImporter) -> (artifact id: 'e761174de95882ce1058557c05bb34a0') in 0.0014551 seconds
Number of updated asset objects reloaded before import = 0Number of asset objects unloaded after import = 1

========================================================================
Received Import Request.
  Time since last request: 0.003102 seconds.
  path: Assets/Monsters Creatures Fantasy/Animations/Skeleton/Skeleton_anim.anim
  artifactKey: Guid(e34540a9147cd2c47b85b20ea9470721) Importer(815301076,1909f56bfc062723c751e8b465ee728b)
Start importing Assets/Monsters Creatures Fantasy/Animations/Skeleton/Skeleton_anim.anim using Guid(e34540a9147cd2c47b85b20ea9470721) Importer(815301076,1909f56bfc062723c751e8b465ee728b) (PreviewImporter) -> (artifact id: '70143762863d7393e139fa05daa48fcf') in 0.0018694 seconds
Number of updated asset objects reloaded before import = 0Number of asset objects unloaded after import = 1

========================================================================
Received Import Request.
  Time since last request: 0.002436 seconds.
  path: Assets/Monsters Creatures Fantasy/Animations/Flying eye
  artifactKey: Guid(c469cac8d307d054983e5fbb566ceb7a) Importer(815301076,1909f56bfc062723c751e8b465ee728b)
Start importing Assets/Monsters Creatures Fantasy/Animations/Flying eye using Guid(c469cac8d307d054983e5fbb566ceb7a) Importer(815301076,1909f56bfc062723c751e8b465ee728b) (PreviewImporter) -> (artifact id: '97a52305c879ec0258e3e0d26255b273') in 0.000752 seconds
Number of updated asset objects reloaded before import = 0Number of asset objects unloaded after import = 0

========================================================================
Received Import Request.
  Time since last request: 0.014794 seconds.
  path: Assets/Monsters Creatures Fantasy/Sprites/Mushroom/Death.png
  artifactKey: Guid(895ce69a98d58464aaaf85c1f9ee9497) Importer(815301076,1909f56bfc062723c751e8b465ee728b)
Start importing Assets/Monsters Creatures Fantasy/Sprites/Mushroom/Death.png using Guid(895ce69a98d58464aaaf85c1f9ee9497) Importer(815301076,1909f56bfc062723c751e8b465ee728b) (PreviewImporter) -> (artifact id: '5326c60f6ee22b6ac7ef1c45b40ebd6a') in 0.0350526 seconds
Number of updated asset objects reloaded before import = 0Number of asset objects unloaded after import = 6

========================================================================
Received Import Request.
  Time since last request: 0.002954 seconds.
  path: Assets/Warrior free set/Aniamtion/Hurt NoEffect.anim
  artifactKey: Guid(6659d77b6f610f0448d94a5b1432d882) Importer(815301076,1909f56bfc062723c751e8b465ee728b)
Start importing Assets/Warrior free set/Aniamtion/Hurt NoEffect.anim using Guid(6659d77b6f610f0448d94a5b1432d882) Importer(815301076,1909f56bfc062723c751e8b465ee728b) (PreviewImporter) -> (artifact id: 'fbd0f1cf8e4b06c714b156ee0f2f6b8c') in 0.0015009 seconds
Number of updated asset objects reloaded before import = 0Number of asset objects unloaded after import = 1

========================================================================
Received Import Request.
  Time since last request: 0.002478 seconds.
  path: Assets/Warrior free set/Aniamtion/Dash.anim
  artifactKey: Guid(d0a4093ee0ec55147bac14be99a1f772) Importer(815301076,1909f56bfc062723c751e8b465ee728b)
Start importing Assets/Warrior free set/Aniamtion/Dash.anim using Guid(d0a4093ee0ec55147bac14be99a1f772) Importer(815301076,1909f56bfc062723c751e8b465ee728b) (PreviewImporter) -> (artifact id: '0e74645545f518c3170bc46d84f9183e') in 0.0014766 seconds
Number of updated asset objects reloaded before import = 0Number of asset objects unloaded after import = 1

========================================================================
Received Prepare
Begin MonoManager ReloadAssembly
[Licensing::Client] Successfully resolved entitlement details
- Loaded All Assemblies, in  1.259 seconds
Refreshing native plugins compatible for Editor in 2.14 ms, found 4 plugins.
Native extension for WindowsStandalone target not found
Native extension for WebGL target not found
[Package Manager] Failed to launch server process. Reason: Unity was launched with the -noUpm command-line argument
[Package Manager] Unable to send message (not connected to server process).
[Package Manager] Cannot connect to Unity Package Manager local server
ScheduleIndexationOnStartup MainProcess:False IndexOnStartup:True
Mono: successfully reloaded assembly
- Finished resetting the current domain, in  1.484 seconds
Domain Reload Profiling: 2742ms
	BeginReloadAssembly (387ms)
		ExecutionOrderSort (0ms)
		DisableScriptedObjects (31ms)
		BackupInstance (0ms)
		ReleaseScriptingObjects (0ms)
		CreateAndSetChildDomain (88ms)
	RebuildCommonClasses (72ms)
	RebuildNativeTypeToScriptingClass (30ms)
	initialDomainReloadingComplete (58ms)
	LoadAllAssembliesAndSetupDomain (710ms)
		LoadAssemblies (576ms)
		RebuildTransferFunctionScriptingTraits (0ms)
		AnalyzeDomain (311ms)
			TypeCache.Refresh (20ms)
				TypeCache.ScanAssembly (0ms)
			BuildScriptInfoCaches (276ms)
			ResolveRequiredComponents (11ms)
	FinalizeReload (1485ms)
		ReleaseScriptCaches (0ms)
		RebuildScriptCaches (0ms)
		SetupLoadedEditorAssemblies (1246ms)
			LogAssemblyErrors (0ms)
			InitializePlatformSupportModulesInManaged (4ms)
			SetLoadedEditorAssemblies (6ms)
			BeforeProcessingInitializeOnLoad (286ms)
			ProcessInitializeOnLoadAttributes (832ms)
			ProcessInitializeOnLoadMethodAttributes (103ms)
			AfterProcessingInitializeOnLoad (14ms)
			EditorAssembliesLoaded (1ms)
		ExecutionOrderSort2 (0ms)
		AwakeInstancesAfterBackupRestoration (13ms)
Refreshing native plugins compatible for Editor in 2.05 ms, found 4 plugins.
Preloading 0 native plugins for Editor in 0.00 ms.
Unloading 0 Unused Serialized files (Serialized files now loaded: 0)
Unloading 5020 unused Assets / (1.2 MB). Loaded Objects now: 5672.
Memory consumption went from 105.4 MB to 104.2 MB.
Total: 14.332300 ms (FindLiveObjects: 0.854900 ms CreateObjectMapping: 0.480700 ms MarkObjects: 11.014600 ms  DeleteObjects: 1.980700 ms)

Prepare: number of updated asset objects reloaded= 0
========================================================================
Received Import Request.
  Time since last request: 517.481411 seconds.
  path: Assets/Warrior free set/Warrior_SheetnoEffect_0.prefab
  artifactKey: Guid(735d66e0bf5a9a74cbd5c5ca9006ce4d) Importer(815301076,1909f56bfc062723c751e8b465ee728b)
Start importing Assets/Warrior free set/Warrior_SheetnoEffect_0.prefab using Guid(735d66e0bf5a9a74cbd5c5ca9006ce4d) Importer(815301076,1909f56bfc062723c751e8b465ee728b) (PreviewImporter) -> (artifact id: '53f93e16341d9f69a2b48aa8863d4b4a') in 0.1186056 seconds
Number of updated asset objects reloaded before import = 0Number of asset objects unloaded after import = 74

========================================================================
Received Prepare
Begin MonoManager ReloadAssembly
- Loaded All Assemblies, in  1.237 seconds
Refreshing native plugins compatible for Editor in 1.93 ms, found 4 plugins.
Native extension for WindowsStandalone target not found
Native extension for WebGL target not found
[Package Manager] Failed to launch server process. Reason: Unity was launched with the -noUpm command-line argument
[Package Manager] Unable to send message (not connected to server process).
[Package Manager] Cannot connect to Unity Package Manager local server
ScheduleIndexationOnStartup MainProcess:False IndexOnStartup:True
Mono: successfully reloaded assembly
- Finished resetting the current domain, in  1.483 seconds
Domain Reload Profiling: 2719ms
	BeginReloadAssembly (381ms)
		ExecutionOrderSort (0ms)
		DisableScriptedObjects (25ms)
		BackupInstance (0ms)
		ReleaseScriptingObjects (0ms)
		CreateAndSetChildDomain (84ms)
	RebuildCommonClasses (73ms)
	RebuildNativeTypeToScriptingClass (29ms)
	initialDomainReloadingComplete (55ms)
	LoadAllAssembliesAndSetupDomain (698ms)
		LoadAssemblies (576ms)
		RebuildTransferFunctionScriptingTraits (0ms)
		AnalyzeDomain (314ms)
			TypeCache.Refresh (13ms)
				TypeCache.ScanAssembly (0ms)
			BuildScriptInfoCaches (285ms)
			ResolveRequiredComponents (11ms)
	FinalizeReload (1484ms)
		ReleaseScriptCaches (0ms)
		RebuildScriptCaches (0ms)
		SetupLoadedEditorAssemblies (1244ms)
			LogAssemblyErrors (0ms)
			InitializePlatformSupportModulesInManaged (4ms)
			SetLoadedEditorAssemblies (6ms)
			BeforeProcessingInitializeOnLoad (277ms)
			ProcessInitializeOnLoadAttributes (832ms)
			ProcessInitializeOnLoadMethodAttributes (109ms)
			AfterProcessingInitializeOnLoad (14ms)
			EditorAssembliesLoaded (1ms)
		ExecutionOrderSort2 (0ms)
		AwakeInstancesAfterBackupRestoration (13ms)
Refreshing native plugins compatible for Editor in 2.00 ms, found 4 plugins.
Preloading 0 native plugins for Editor in 0.00 ms.
Unloading 0 Unused Serialized files (Serialized files now loaded: 0)
Unloading 5020 unused Assets / (1.1 MB). Loaded Objects now: 5675.
Memory consumption went from 105.4 MB to 104.2 MB.
Total: 13.543900 ms (FindLiveObjects: 0.797700 ms CreateObjectMapping: 0.485700 ms MarkObjects: 10.189900 ms  DeleteObjects: 2.069000 ms)

Prepare: number of updated asset objects reloaded= 0
========================================================================
Received Prepare
Begin MonoManager ReloadAssembly
[Licensing::Client] Successfully resolved entitlement details
- Loaded All Assemblies, in  1.275 seconds
Refreshing native plugins compatible for Editor in 1.87 ms, found 4 plugins.
Native extension for WindowsStandalone target not found
Native extension for WebGL target not found
[Package Manager] Failed to launch server process. Reason: Unity was launched with the -noUpm command-line argument
[Package Manager] Unable to send message (not connected to server process).
[Package Manager] Cannot connect to Unity Package Manager local server
ScheduleIndexationOnStartup MainProcess:False IndexOnStartup:True
Mono: successfully reloaded assembly
- Finished resetting the current domain, in  1.460 seconds
Domain Reload Profiling: 2735ms
	BeginReloadAssembly (399ms)
		ExecutionOrderSort (0ms)
		DisableScriptedObjects (30ms)
		BackupInstance (0ms)
		ReleaseScriptingObjects (0ms)
		CreateAndSetChildDomain (96ms)
	RebuildCommonClasses (73ms)
	RebuildNativeTypeToScriptingClass (29ms)
	initialDomainReloadingComplete (55ms)
	LoadAllAssembliesAndSetupDomain (717ms)
		LoadAssemblies (594ms)
		RebuildTransferFunctionScriptingTraits (0ms)
		AnalyzeDomain (314ms)
			TypeCache.Refresh (12ms)
				TypeCache.ScanAssembly (0ms)
			BuildScriptInfoCaches (286ms)
			ResolveRequiredComponents (11ms)
	FinalizeReload (1461ms)
		ReleaseScriptCaches (0ms)
		RebuildScriptCaches (0ms)
		SetupLoadedEditorAssemblies (1221ms)
			LogAssemblyErrors (0ms)
			InitializePlatformSupportModulesInManaged (4ms)
			SetLoadedEditorAssemblies (6ms)
			BeforeProcessingInitializeOnLoad (270ms)
			ProcessInitializeOnLoadAttributes (816ms)
			ProcessInitializeOnLoadMethodAttributes (111ms)
			AfterProcessingInitializeOnLoad (14ms)
			EditorAssembliesLoaded (1ms)
		ExecutionOrderSort2 (0ms)
		AwakeInstancesAfterBackupRestoration (13ms)
Refreshing native plugins compatible for Editor in 2.17 ms, found 4 plugins.
Preloading 0 native plugins for Editor in 0.00 ms.
Unloading 0 Unused Serialized files (Serialized files now loaded: 0)
Unloading 5020 unused Assets / (1.3 MB). Loaded Objects now: 5678.
Memory consumption went from 105.4 MB to 104.1 MB.
Total: 14.387100 ms (FindLiveObjects: 0.846700 ms CreateObjectMapping: 0.500300 ms MarkObjects: 10.818800 ms  DeleteObjects: 2.219500 ms)

Prepare: number of updated asset objects reloaded= 0
========================================================================
Received Prepare
Begin MonoManager ReloadAssembly
[Licensing::Client] Successfully resolved entitlement details
- Loaded All Assemblies, in  1.246 seconds
Refreshing native plugins compatible for Editor in 1.86 ms, found 4 plugins.
Native extension for WindowsStandalone target not found
Native extension for WebGL target not found
[Package Manager] Failed to launch server process. Reason: Unity was launched with the -noUpm command-line argument
[Package Manager] Unable to send message (not connected to server process).
[Package Manager] Cannot connect to Unity Package Manager local server
ScheduleIndexationOnStartup MainProcess:False IndexOnStartup:True
Mono: successfully reloaded assembly
- Finished resetting the current domain, in  1.491 seconds
Domain Reload Profiling: 2737ms
	BeginReloadAssembly (385ms)
		ExecutionOrderSort (0ms)
		DisableScriptedObjects (27ms)
		BackupInstance (0ms)
		ReleaseScriptingObjects (0ms)
		CreateAndSetChildDomain (89ms)
	RebuildCommonClasses (72ms)
	RebuildNativeTypeToScriptingClass (28ms)
	initialDomainReloadingComplete (58ms)
	LoadAllAssembliesAndSetupDomain (702ms)
		LoadAssemblies (569ms)
		RebuildTransferFunctionScriptingTraits (0ms)
		AnalyzeDomain (320ms)
			TypeCache.Refresh (13ms)
				TypeCache.ScanAssembly (0ms)
			BuildScriptInfoCaches (288ms)
			ResolveRequiredComponents (13ms)
	FinalizeReload (1492ms)
		ReleaseScriptCaches (0ms)
		RebuildScriptCaches (0ms)
		SetupLoadedEditorAssemblies (1248ms)
			LogAssemblyErrors (0ms)
			InitializePlatformSupportModulesInManaged (4ms)
			SetLoadedEditorAssemblies (6ms)
			BeforeProcessingInitializeOnLoad (275ms)
			ProcessInitializeOnLoadAttributes (844ms)
			ProcessInitializeOnLoadMethodAttributes (104ms)
			AfterProcessingInitializeOnLoad (14ms)
			EditorAssembliesLoaded (0ms)
		ExecutionOrderSort2 (0ms)
		AwakeInstancesAfterBackupRestoration (13ms)
Refreshing native plugins compatible for Editor in 1.98 ms, found 4 plugins.
Preloading 0 native plugins for Editor in 0.00 ms.
Unloading 0 Unused Serialized files (Serialized files now loaded: 0)
Unloading 5020 unused Assets / (1.2 MB). Loaded Objects now: 5681.
Memory consumption went from 105.4 MB to 104.2 MB.
Total: 12.475400 ms (FindLiveObjects: 0.788500 ms CreateObjectMapping: 0.501200 ms MarkObjects: 9.154300 ms  DeleteObjects: 2.030100 ms)

Prepare: number of updated asset objects reloaded= 0
========================================================================
Received Import Request.
  Time since last request: 309.726004 seconds.
  path: Assets/Warrior free set/PlayerAnimation.cs
  artifactKey: Guid(c961102eadba7f24d8401b39e4caa20d) Importer(815301076,1909f56bfc062723c751e8b465ee728b)
Start importing Assets/Warrior free set/PlayerAnimation.cs using Guid(c961102eadba7f24d8401b39e4caa20d) Importer(815301076,1909f56bfc062723c751e8b465ee728b) (PreviewImporter) -> (artifact id: 'ec22ab6c3573c22cb353ddf08354dc81') in 0.0030295 seconds
Number of updated asset objects reloaded before import = 0Number of asset objects unloaded after import = 0

========================================================================
Received Import Request.
  Time since last request: 7.478031 seconds.
  path: Assets/Warrior free set/PlayerAnimation.cs
  artifactKey: Guid(c961102eadba7f24d8401b39e4caa20d) Importer(2089858483,b0f066a214c2f5e87bad3c948f4d605d)
Start importing Assets/Warrior free set/PlayerAnimation.cs using Guid(c961102eadba7f24d8401b39e4caa20d) Importer(2089858483,b0f066a214c2f5e87bad3c948f4d605d) (ScriptedImporter) -> (artifact id: '9cb23705de12e9b952b55278d94e5d31') in 0.1477865 seconds
Number of updated asset objects reloaded before import = 0Number of asset objects unloaded after import = 0

========================================================================
Received Prepare
Refreshing native plugins compatible for Editor in 2.18 ms, found 4 plugins.
Preloading 0 native plugins for Editor in 0.00 ms.
Unloading 0 Unused Serialized files (Serialized files now loaded: 0)
Unloading 5011 unused Assets / (1.1 MB). Loaded Objects now: 5682.
Memory consumption went from 105.6 MB to 104.5 MB.
Total: 16.178800 ms (FindLiveObjects: 0.842700 ms CreateObjectMapping: 0.648500 ms MarkObjects: 12.485700 ms  DeleteObjects: 2.200200 ms)

Prepare: number of updated asset objects reloaded= 0
========================================================================
Received Import Request.
  Time since last request: 6.328940 seconds.
  path: Assets/Warrior free set/PlayerController.cs
  artifactKey: Guid(d28d7d27f6be4c04dafa93b0144432f7) Importer(815301076,1909f56bfc062723c751e8b465ee728b)
Start importing Assets/Warrior free set/PlayerController.cs using Guid(d28d7d27f6be4c04dafa93b0144432f7) Importer(815301076,1909f56bfc062723c751e8b465ee728b) (PreviewImporter) -> (artifact id: '76b60cedaf8f706ed7a83327df964876') in 0.0010482 seconds
Number of updated asset objects reloaded before import = 0Number of asset objects unloaded after import = 0

========================================================================
Received Import Request.
  Time since last request: 0.141729 seconds.
  path: Assets/Warrior free set/PlayerController.cs
  artifactKey: Guid(d28d7d27f6be4c04dafa93b0144432f7) Importer(2089858483,b0f066a214c2f5e87bad3c948f4d605d)
Start importing Assets/Warrior free set/PlayerController.cs using Guid(d28d7d27f6be4c04dafa93b0144432f7) Importer(2089858483,b0f066a214c2f5e87bad3c948f4d605d) (ScriptedImporter) -> (artifact id: 'b7024be79518461bc8ec297446b26c5c') in 0.016749 seconds
Number of updated asset objects reloaded before import = 0Number of asset objects unloaded after import = 0

========================================================================
Received Prepare
Begin MonoManager ReloadAssembly
[Licensing::Client] Successfully resolved entitlement details
- Loaded All Assemblies, in  1.263 seconds
Refreshing native plugins compatible for Editor in 1.96 ms, found 4 plugins.
Native extension for WindowsStandalone target not found
Native extension for WebGL target not found
[Package Manager] Failed to launch server process. Reason: Unity was launched with the -noUpm command-line argument
[Package Manager] Unable to send message (not connected to server process).
[Package Manager] Cannot connect to Unity Package Manager local server
ScheduleIndexationOnStartup MainProcess:False IndexOnStartup:True
Mono: successfully reloaded assembly
- Finished resetting the current domain, in  1.489 seconds
Domain Reload Profiling: 2750ms
	BeginReloadAssembly (392ms)
		ExecutionOrderSort (0ms)
		DisableScriptedObjects (28ms)
		BackupInstance (0ms)
		ReleaseScriptingObjects (0ms)
		CreateAndSetChildDomain (93ms)
	RebuildCommonClasses (72ms)
	RebuildNativeTypeToScriptingClass (29ms)
	initialDomainReloadingComplete (56ms)
	LoadAllAssembliesAndSetupDomain (712ms)
		LoadAssemblies (586ms)
		RebuildTransferFunctionScriptingTraits (0ms)
		AnalyzeDomain (310ms)
			TypeCache.Refresh (16ms)
				TypeCache.ScanAssembly (0ms)
			BuildScriptInfoCaches (278ms)
			ResolveRequiredComponents (10ms)
	FinalizeReload (1490ms)
		ReleaseScriptCaches (0ms)
		RebuildScriptCaches (0ms)
		SetupLoadedEditorAssemblies (1255ms)
			LogAssemblyErrors (0ms)
			InitializePlatformSupportModulesInManaged (4ms)
			SetLoadedEditorAssemblies (9ms)
			BeforeProcessingInitializeOnLoad (275ms)
			ProcessInitializeOnLoadAttributes (841ms)
			ProcessInitializeOnLoadMethodAttributes (111ms)
			AfterProcessingInitializeOnLoad (14ms)
			EditorAssembliesLoaded (0ms)
		ExecutionOrderSort2 (0ms)
		AwakeInstancesAfterBackupRestoration (12ms)
Refreshing native plugins compatible for Editor in 2.80 ms, found 4 plugins.
Preloading 0 native plugins for Editor in 0.00 ms.
Unloading 0 Unused Serialized files (Serialized files now loaded: 0)
Unloading 5021 unused Assets / (1.0 MB). Loaded Objects now: 5685.
Memory consumption went from 105.4 MB to 104.4 MB.
Total: 13.049600 ms (FindLiveObjects: 0.802300 ms CreateObjectMapping: 0.522800 ms MarkObjects: 9.751900 ms  DeleteObjects: 1.971400 ms)

Prepare: number of updated asset objects reloaded= 0
========================================================================
Received Import Request.
  Time since last request: 12.584886 seconds.
  path: Assets/Warrior free set/PlayerController.cs
  artifactKey: Guid(d28d7d27f6be4c04dafa93b0144432f7) Importer(815301076,1909f56bfc062723c751e8b465ee728b)
Start importing Assets/Warrior free set/PlayerController.cs using Guid(d28d7d27f6be4c04dafa93b0144432f7) Importer(815301076,1909f56bfc062723c751e8b465ee728b) (PreviewImporter) -> (artifact id: 'f6e7df41835bd172f54db41c792c64ec') in 0.0033105 seconds
Number of updated asset objects reloaded before import = 0Number of asset objects unloaded after import = 0

========================================================================
Received Prepare
Begin MonoManager ReloadAssembly
[Licensing::Client] Successfully resolved entitlement details
- Loaded All Assemblies, in  1.259 seconds
Refreshing native plugins compatible for Editor in 2.00 ms, found 4 plugins.
Native extension for WindowsStandalone target not found
Native extension for WebGL target not found
[Package Manager] Failed to launch server process. Reason: Unity was launched with the -noUpm command-line argument
[Package Manager] Unable to send message (not connected to server process).
[Package Manager] Cannot connect to Unity Package Manager local server
ScheduleIndexationOnStartup MainProcess:False IndexOnStartup:True
Mono: successfully reloaded assembly
- Finished resetting the current domain, in  1.486 seconds
Domain Reload Profiling: 2744ms
	BeginReloadAssembly (387ms)
		ExecutionOrderSort (0ms)
		DisableScriptedObjects (30ms)
		BackupInstance (0ms)
		ReleaseScriptingObjects (0ms)
		CreateAndSetChildDomain (88ms)
	RebuildCommonClasses (73ms)
	RebuildNativeTypeToScriptingClass (28ms)
	initialDomainReloadingComplete (55ms)
	LoadAllAssembliesAndSetupDomain (713ms)
		LoadAssemblies (584ms)
		RebuildTransferFunctionScriptingTraits (0ms)
		AnalyzeDomain (315ms)
			TypeCache.Refresh (18ms)
				TypeCache.ScanAssembly (0ms)
			BuildScriptInfoCaches (279ms)
			ResolveRequiredComponents (12ms)
	FinalizeReload (1487ms)
		ReleaseScriptCaches (0ms)
		RebuildScriptCaches (0ms)
		SetupLoadedEditorAssemblies (1243ms)
			LogAssemblyErrors (0ms)
			InitializePlatformSupportModulesInManaged (4ms)
			SetLoadedEditorAssemblies (6ms)
			BeforeProcessingInitializeOnLoad (288ms)
			ProcessInitializeOnLoadAttributes (822ms)
			ProcessInitializeOnLoadMethodAttributes (109ms)
			AfterProcessingInitializeOnLoad (13ms)
			EditorAssembliesLoaded (0ms)
		ExecutionOrderSort2 (0ms)
		AwakeInstancesAfterBackupRestoration (12ms)
Refreshing native plugins compatible for Editor in 2.18 ms, found 4 plugins.
Preloading 0 native plugins for Editor in 0.00 ms.
Unloading 0 Unused Serialized files (Serialized files now loaded: 0)
Unloading 5021 unused Assets / (0.8 MB). Loaded Objects now: 5688.
Memory consumption went from 105.4 MB to 104.6 MB.
Total: 12.962800 ms (FindLiveObjects: 0.809900 ms CreateObjectMapping: 0.486300 ms MarkObjects: 9.781900 ms  DeleteObjects: 1.883400 ms)

Prepare: number of updated asset objects reloaded= 0
========================================================================
Received Import Request.
  Time since last request: 563.739726 seconds.
  path: Assets/Warrior free set/PlayerController.cs
  artifactKey: Guid(d28d7d27f6be4c04dafa93b0144432f7) Importer(815301076,1909f56bfc062723c751e8b465ee728b)
Start importing Assets/Warrior free set/PlayerController.cs using Guid(d28d7d27f6be4c04dafa93b0144432f7) Importer(815301076,1909f56bfc062723c751e8b465ee728b) (PreviewImporter) -> (artifact id: '408d5a7ad74d358276dd6d538256ced2') in 0.0036781 seconds
Number of updated asset objects reloaded before import = 0Number of asset objects unloaded after import = 0

========================================================================
Received Prepare
Begin MonoManager ReloadAssembly
- Loaded All Assemblies, in  1.268 seconds
Refreshing native plugins compatible for Editor in 1.93 ms, found 4 plugins.
Native extension for WindowsStandalone target not found
Native extension for WebGL target not found
[Package Manager] Failed to launch server process. Reason: Unity was launched with the -noUpm command-line argument
[Package Manager] Unable to send message (not connected to server process).
[Package Manager] Cannot connect to Unity Package Manager local server
ScheduleIndexationOnStartup MainProcess:False IndexOnStartup:True
Mono: successfully reloaded assembly
- Finished resetting the current domain, in  1.516 seconds
Domain Reload Profiling: 2783ms
	BeginReloadAssembly (410ms)
		ExecutionOrderSort (0ms)
		DisableScriptedObjects (28ms)
		BackupInstance (0ms)
		ReleaseScriptingObjects (0ms)
		CreateAndSetChildDomain (91ms)
	RebuildCommonClasses (76ms)
	RebuildNativeTypeToScriptingClass (34ms)
	initialDomainReloadingComplete (61ms)
	LoadAllAssembliesAndSetupDomain (685ms)
		LoadAssemblies (575ms)
		RebuildTransferFunctionScriptingTraits (0ms)
		AnalyzeDomain (315ms)
			TypeCache.Refresh (13ms)
				TypeCache.ScanAssembly (0ms)
			BuildScriptInfoCaches (282ms)
			ResolveRequiredComponents (15ms)
	FinalizeReload (1517ms)
		ReleaseScriptCaches (0ms)
		RebuildScriptCaches (0ms)
		SetupLoadedEditorAssemblies (1269ms)
			LogAssemblyErrors (0ms)
			InitializePlatformSupportModulesInManaged (4ms)
			SetLoadedEditorAssemblies (6ms)
			BeforeProcessingInitializeOnLoad (286ms)
			ProcessInitializeOnLoadAttributes (846ms)
			ProcessInitializeOnLoadMethodAttributes (113ms)
			AfterProcessingInitializeOnLoad (14ms)
			EditorAssembliesLoaded (0ms)
		ExecutionOrderSort2 (0ms)
		AwakeInstancesAfterBackupRestoration (12ms)
Refreshing native plugins compatible for Editor in 1.95 ms, found 4 plugins.
Preloading 0 native plugins for Editor in 0.00 ms.
Unloading 0 Unused Serialized files (Serialized files now loaded: 0)
Unloading 5021 unused Assets / (1.2 MB). Loaded Objects now: 5691.
Memory consumption went from 105.4 MB to 104.2 MB.
Total: 13.040200 ms (FindLiveObjects: 0.801600 ms CreateObjectMapping: 0.489600 ms MarkObjects: 9.723000 ms  DeleteObjects: 2.025000 ms)

Prepare: number of updated asset objects reloaded= 0
========================================================================
Received Prepare
Begin MonoManager ReloadAssembly
[Licensing::Client] Successfully resolved entitlement details
- Loaded All Assemblies, in  1.250 seconds
Refreshing native plugins compatible for Editor in 2.12 ms, found 4 plugins.
Native extension for WindowsStandalone target not found
Native extension for WebGL target not found
[Package Manager] Failed to launch server process. Reason: Unity was launched with the -noUpm command-line argument
[Package Manager] Unable to send message (not connected to server process).
[Package Manager] Cannot connect to Unity Package Manager local server
ScheduleIndexationOnStartup MainProcess:False IndexOnStartup:True
Mono: successfully reloaded assembly
- Finished resetting the current domain, in  1.497 seconds
Domain Reload Profiling: 2746ms
	BeginReloadAssembly (389ms)
		ExecutionOrderSort (0ms)
		DisableScriptedObjects (27ms)
		BackupInstance (0ms)
		ReleaseScriptingObjects (0ms)
		CreateAndSetChildDomain (86ms)
	RebuildCommonClasses (81ms)
	RebuildNativeTypeToScriptingClass (29ms)
	initialDomainReloadingComplete (56ms)
	LoadAllAssembliesAndSetupDomain (693ms)
		LoadAssemblies (567ms)
		RebuildTransferFunctionScriptingTraits (0ms)
		AnalyzeDomain (314ms)
			TypeCache.Refresh (13ms)
				TypeCache.ScanAssembly (0ms)
			BuildScriptInfoCaches (286ms)
			ResolveRequiredComponents (11ms)
	FinalizeReload (1498ms)
		ReleaseScriptCaches (0ms)
		RebuildScriptCaches (0ms)
		SetupLoadedEditorAssemblies (1254ms)
			LogAssemblyErrors (0ms)
			InitializePlatformSupportModulesInManaged (4ms)
			SetLoadedEditorAssemblies (6ms)
			BeforeProcessingInitializeOnLoad (284ms)
			ProcessInitializeOnLoadAttributes (837ms)
			ProcessInitializeOnLoadMethodAttributes (108ms)
			AfterProcessingInitializeOnLoad (14ms)
			EditorAssembliesLoaded (0ms)
		ExecutionOrderSort2 (0ms)
		AwakeInstancesAfterBackupRestoration (12ms)
Refreshing native plugins compatible for Editor in 2.01 ms, found 4 plugins.
Preloading 0 native plugins for Editor in 0.00 ms.
Unloading 0 Unused Serialized files (Serialized files now loaded: 0)
Unloading 5021 unused Assets / (1.2 MB). Loaded Objects now: 5694.
Memory consumption went from 105.4 MB to 104.2 MB.
Total: 13.877800 ms (FindLiveObjects: 0.957100 ms CreateObjectMapping: 0.535200 ms MarkObjects: 10.111900 ms  DeleteObjects: 2.271900 ms)

Prepare: number of updated asset objects reloaded= 0
========================================================================
Received Import Request.
  Time since last request: 591.628351 seconds.
  path: Assets/Warrior free set/PlayerController.cs
  artifactKey: Guid(d28d7d27f6be4c04dafa93b0144432f7) Importer(2089858483,b0f066a214c2f5e87bad3c948f4d605d)
Start importing Assets/Warrior free set/PlayerController.cs using Guid(d28d7d27f6be4c04dafa93b0144432f7) Importer(2089858483,b0f066a214c2f5e87bad3c948f4d605d) (ScriptedImporter) -> (artifact id: '484116eab32595afb29d75be03d2a581') in 0.1478112 seconds
Number of updated asset objects reloaded before import = 0Number of asset objects unloaded after import = 0

========================================================================
Received Import Request.
  Time since last request: 7.352397 seconds.
  path: Assets/Monsters Creatures Fantasy/Enemy Animator.controller
  artifactKey: Guid(a4bc2b01941acd34b8984d932c9651c1) Importer(815301076,1909f56bfc062723c751e8b465ee728b)
Start importing Assets/Monsters Creatures Fantasy/Enemy Animator.controller using Guid(a4bc2b01941acd34b8984d932c9651c1) Importer(815301076,1909f56bfc062723c751e8b465ee728b) (PreviewImporter) -> (artifact id: '1b4d4702d6032877523acf4ae7afb629') in 0.031912 seconds
Number of updated asset objects reloaded before import = 0Number of asset objects unloaded after import = 1

========================================================================
Received Import Request.
  Time since last request: 0.805220 seconds.
  path: Assets/Monsters Creatures Fantasy/Enemy Animator.controller
  artifactKey: Guid(a4bc2b01941acd34b8984d932c9651c1) Importer(2089858483,b0f066a214c2f5e87bad3c948f4d605d)
Start importing Assets/Monsters Creatures Fantasy/Enemy Animator.controller using Guid(a4bc2b01941acd34b8984d932c9651c1) Importer(2089858483,b0f066a214c2f5e87bad3c948f4d605d) (ScriptedImporter) -> (artifact id: '544ce25c664f066e29b0083f4a509489') in 0.0255256 seconds
Number of updated asset objects reloaded before import = 0Number of asset objects unloaded after import = 1

========================================================================
Received Import Request.
  Time since last request: 17.582942 seconds.
  path: Assets/Monsters Creatures Fantasy/Sceleton Enemy Animator.controller
  artifactKey: Guid(a4bc2b01941acd34b8984d932c9651c1) Importer(815301076,1909f56bfc062723c751e8b465ee728b)
Start importing Assets/Monsters Creatures Fantasy/Sceleton Enemy Animator.controller using Guid(a4bc2b01941acd34b8984d932c9651c1) Importer(815301076,1909f56bfc062723c751e8b465ee728b) (PreviewImporter) -> (artifact id: '90ef58fdc7f76f0f824d15908cc497b2') in 0.0024795 seconds
Number of updated asset objects reloaded before import = 0Number of asset objects unloaded after import = 2

========================================================================
Received Import Request.
  Time since last request: 0.906832 seconds.
  path: Assets/Monsters Creatures Fantasy/Sceleton Enemy Animator.controller
  artifactKey: Guid(a4bc2b01941acd34b8984d932c9651c1) Importer(2089858483,b0f066a214c2f5e87bad3c948f4d605d)
Start importing Assets/Monsters Creatures Fantasy/Sceleton Enemy Animator.controller using Guid(a4bc2b01941acd34b8984d932c9651c1) Importer(2089858483,b0f066a214c2f5e87bad3c948f4d605d) (ScriptedImporter) -> (artifact id: 'cffdf701dee04f7ed329c755ef5c27b2') in 0.0295867 seconds
Number of updated asset objects reloaded before import = 0Number of asset objects unloaded after import = 2

========================================================================
Received Prepare
Refreshing native plugins compatible for Editor in 2.35 ms, found 4 plugins.
Preloading 0 native plugins for Editor in 0.00 ms.
Unloading 0 Unused Serialized files (Serialized files now loaded: 0)
Unloading 5012 unused Assets / (0.9 MB). Loaded Objects now: 5695.
Memory consumption went from 105.6 MB to 104.8 MB.
Total: 18.510000 ms (FindLiveObjects: 0.888700 ms CreateObjectMapping: 0.540300 ms MarkObjects: 14.761000 ms  DeleteObjects: 2.318400 ms)

Prepare: number of updated asset objects reloaded= 0
========================================================================
Received Import Request.
  Time since last request: 25.764025 seconds.
  path: Assets/Monsters Creatures Fantasy/EnemyController.cs
  artifactKey: Guid(3c4bca3dfd110aa42abee8f7a1279dcf) Importer(815301076,1909f56bfc062723c751e8b465ee728b)
Start importing Assets/Monsters Creatures Fantasy/EnemyController.cs using Guid(3c4bca3dfd110aa42abee8f7a1279dcf) Importer(815301076,1909f56bfc062723c751e8b465ee728b) (PreviewImporter) -> (artifact id: '153327b7585d224cabb19d20627b9847') in 0.0010523 seconds
Number of updated asset objects reloaded before import = 0Number of asset objects unloaded after import = 0

========================================================================
Received Import Request.
  Time since last request: 0.148376 seconds.
  path: Assets/Monsters Creatures Fantasy/EnemyController.cs
  artifactKey: Guid(3c4bca3dfd110aa42abee8f7a1279dcf) Importer(2089858483,b0f066a214c2f5e87bad3c948f4d605d)
Start importing Assets/Monsters Creatures Fantasy/EnemyController.cs using Guid(3c4bca3dfd110aa42abee8f7a1279dcf) Importer(2089858483,b0f066a214c2f5e87bad3c948f4d605d) (ScriptedImporter) -> (artifact id: '1dad0aa4451fbeb73c2ff203df3ab70b') in 0.0173773 seconds
Number of updated asset objects reloaded before import = 0Number of asset objects unloaded after import = 0

========================================================================
Received Prepare
Begin MonoManager ReloadAssembly
[Licensing::Client] Successfully resolved entitlement details
- Loaded All Assemblies, in  1.283 seconds
Refreshing native plugins compatible for Editor in 1.93 ms, found 4 plugins.
Native extension for WindowsStandalone target not found
Native extension for WebGL target not found
[Package Manager] Failed to launch server process. Reason: Unity was launched with the -noUpm command-line argument
[Package Manager] Unable to send message (not connected to server process).
[Package Manager] Cannot connect to Unity Package Manager local server
ScheduleIndexationOnStartup MainProcess:False IndexOnStartup:True
Mono: successfully reloaded assembly
- Finished resetting the current domain, in  1.493 seconds
Domain Reload Profiling: 2774ms
	BeginReloadAssembly (407ms)
		ExecutionOrderSort (0ms)
		DisableScriptedObjects (29ms)
		BackupInstance (0ms)
		ReleaseScriptingObjects (0ms)
		CreateAndSetChildDomain (89ms)
	RebuildCommonClasses (71ms)
	RebuildNativeTypeToScriptingClass (28ms)
	initialDomainReloadingComplete (56ms)
	LoadAllAssembliesAndSetupDomain (719ms)
		LoadAssemblies (596ms)
		RebuildTransferFunctionScriptingTraits (0ms)
		AnalyzeDomain (322ms)
			TypeCache.Refresh (19ms)
				TypeCache.ScanAssembly (0ms)
			BuildScriptInfoCaches (284ms)
			ResolveRequiredComponents (14ms)
	FinalizeReload (1494ms)
		ReleaseScriptCaches (0ms)
		RebuildScriptCaches (0ms)
		SetupLoadedEditorAssemblies (1257ms)
			LogAssemblyErrors (0ms)
			InitializePlatformSupportModulesInManaged (4ms)
			SetLoadedEditorAssemblies (9ms)
			BeforeProcessingInitializeOnLoad (275ms)
			ProcessInitializeOnLoadAttributes (848ms)
			ProcessInitializeOnLoadMethodAttributes (106ms)
			AfterProcessingInitializeOnLoad (14ms)
			EditorAssembliesLoaded (0ms)
		ExecutionOrderSort2 (0ms)
		AwakeInstancesAfterBackupRestoration (12ms)
Refreshing native plugins compatible for Editor in 2.17 ms, found 4 plugins.
Preloading 0 native plugins for Editor in 0.00 ms.
Unloading 0 Unused Serialized files (Serialized files now loaded: 0)
Unloading 5022 unused Assets / (0.9 MB). Loaded Objects now: 5698.
Memory consumption went from 105.4 MB to 104.6 MB.
Total: 13.417400 ms (FindLiveObjects: 0.818600 ms CreateObjectMapping: 0.481700 ms MarkObjects: 9.888700 ms  DeleteObjects: 2.226500 ms)

Prepare: number of updated asset objects reloaded= 0
========================================================================
Received Import Request.
  Time since last request: 15.222179 seconds.
  path: Assets/Monsters Creatures Fantasy/EnemyController.cs
  artifactKey: Guid(3c4bca3dfd110aa42abee8f7a1279dcf) Importer(815301076,1909f56bfc062723c751e8b465ee728b)
Start importing Assets/Monsters Creatures Fantasy/EnemyController.cs using Guid(3c4bca3dfd110aa42abee8f7a1279dcf) Importer(815301076,1909f56bfc062723c751e8b465ee728b) (PreviewImporter) -> (artifact id: 'b0fd4677872d4dfe07ea7f6fde254617') in 0.0033762 seconds
Number of updated asset objects reloaded before import = 0Number of asset objects unloaded after import = 0

========================================================================
Received Import Request.
  Time since last request: 98.191411 seconds.
  path: Assets/Monsters Creatures Fantasy/Sprites/Skeleton/New Animation.anim
  artifactKey: Guid(2abbd3e1f27013744b6bd10c42f2b109) Importer(815301076,1909f56bfc062723c751e8b465ee728b)
Start importing Assets/Monsters Creatures Fantasy/Sprites/Skeleton/New Animation.anim using Guid(2abbd3e1f27013744b6bd10c42f2b109) Importer(815301076,1909f56bfc062723c751e8b465ee728b) (PreviewImporter) -> (artifact id: '3e23935b61258a7db792294d2c8ef8fa') in 0.0296414 seconds
Number of updated asset objects reloaded before import = 0Number of asset objects unloaded after import = 1

========================================================================
Received Import Request.
  Time since last request: 0.940769 seconds.
  path: Assets/Monsters Creatures Fantasy/Sprites/Skeleton/New Animation.anim
  artifactKey: Guid(2abbd3e1f27013744b6bd10c42f2b109) Importer(2089858483,b0f066a214c2f5e87bad3c948f4d605d)
Start importing Assets/Monsters Creatures Fantasy/Sprites/Skeleton/New Animation.anim using Guid(2abbd3e1f27013744b6bd10c42f2b109) Importer(2089858483,b0f066a214c2f5e87bad3c948f4d605d) (ScriptedImporter) -> (artifact id: '1ac42f4e28d4b0d291a6840f34337612') in 0.1730673 seconds
Number of updated asset objects reloaded before import = 0Number of asset objects unloaded after import = 1

========================================================================
Received Import Request.
  Time since last request: 117.281620 seconds.
  path: Assets/Monsters Creatures Fantasy/Animations/Skeleton/idle.anim
  artifactKey: Guid(0934849971ee6814a8ad9d3a9a40ce89) Importer(815301076,1909f56bfc062723c751e8b465ee728b)
Start importing Assets/Monsters Creatures Fantasy/Animations/Skeleton/idle.anim using Guid(0934849971ee6814a8ad9d3a9a40ce89) Importer(815301076,1909f56bfc062723c751e8b465ee728b) (PreviewImporter) -> (artifact id: '7118f5bcbc6dba48b4f1d7c3c259929c') in 0.0015457 seconds
Number of updated asset objects reloaded before import = 0Number of asset objects unloaded after import = 1

========================================================================
Received Import Request.
  Time since last request: 0.962803 seconds.
  path: Assets/Monsters Creatures Fantasy/Animations/Skeleton/idle.anim
  artifactKey: Guid(0934849971ee6814a8ad9d3a9a40ce89) Importer(2089858483,b0f066a214c2f5e87bad3c948f4d605d)
Start importing Assets/Monsters Creatures Fantasy/Animations/Skeleton/idle.anim using Guid(0934849971ee6814a8ad9d3a9a40ce89) Importer(2089858483,b0f066a214c2f5e87bad3c948f4d605d) (ScriptedImporter) -> (artifact id: '1fbe0d9b6fe0e6d6ebe3338eb726cdc8') in 0.0311885 seconds
Number of updated asset objects reloaded before import = 0Number of asset objects unloaded after import = 1

========================================================================
Received Import Request.
  Time since last request: 11.959371 seconds.
  path: Assets/Monsters Creatures Fantasy/Animations/Skeleton/run.anim
  artifactKey: Guid(815dd72311e3ce949a02a9e89f5baf5c) Importer(815301076,1909f56bfc062723c751e8b465ee728b)
Start importing Assets/Monsters Creatures Fantasy/Animations/Skeleton/run.anim using Guid(815dd72311e3ce949a02a9e89f5baf5c) Importer(815301076,1909f56bfc062723c751e8b465ee728b) (PreviewImporter) -> (artifact id: '8cdf0eb2368b1188cb24094218372d2f') in 0.0016804 seconds
Number of updated asset objects reloaded before import = 0Number of asset objects unloaded after import = 1

========================================================================
Received Import Request.
  Time since last request: 0.985353 seconds.
  path: Assets/Monsters Creatures Fantasy/Animations/Skeleton/run.anim
  artifactKey: Guid(815dd72311e3ce949a02a9e89f5baf5c) Importer(2089858483,b0f066a214c2f5e87bad3c948f4d605d)
Start importing Assets/Monsters Creatures Fantasy/Animations/Skeleton/run.anim using Guid(815dd72311e3ce949a02a9e89f5baf5c) Importer(2089858483,b0f066a214c2f5e87bad3c948f4d605d) (ScriptedImporter) -> (artifact id: 'b7d121a999989133f1eecac2ceecd814') in 0.0224355 seconds
Number of updated asset objects reloaded before import = 0Number of asset objects unloaded after import = 1

========================================================================
Received Import Request.
  Time since last request: 13.375374 seconds.
  path: Assets/Monsters Creatures Fantasy/Animations/Skeleton/attack.anim
  artifactKey: Guid(017cc73318bd12f47919e6fa459789b6) Importer(815301076,1909f56bfc062723c751e8b465ee728b)
Start importing Assets/Monsters Creatures Fantasy/Animations/Skeleton/attack.anim using Guid(017cc73318bd12f47919e6fa459789b6) Importer(815301076,1909f56bfc062723c751e8b465ee728b) (PreviewImporter) -> (artifact id: 'b4458efcce9862869a88e77df9e9dae0') in 0.0015337 seconds
Number of updated asset objects reloaded before import = 0Number of asset objects unloaded after import = 1

========================================================================
Received Import Request.
  Time since last request: 0.965263 seconds.
  path: Assets/Monsters Creatures Fantasy/Animations/Skeleton/attack.anim
  artifactKey: Guid(017cc73318bd12f47919e6fa459789b6) Importer(2089858483,b0f066a214c2f5e87bad3c948f4d605d)
Start importing Assets/Monsters Creatures Fantasy/Animations/Skeleton/attack.anim using Guid(017cc73318bd12f47919e6fa459789b6) Importer(2089858483,b0f066a214c2f5e87bad3c948f4d605d) (ScriptedImporter) -> (artifact id: 'e4a34031810c1a28fbbdeaf579e93ee6') in 0.0286457 seconds
Number of updated asset objects reloaded before import = 0Number of asset objects unloaded after import = 1

========================================================================
Received Import Request.
  Time since last request: 16.130171 seconds.
  path: Assets/Monsters Creatures Fantasy/Animations/Skeleton/hurt.anim
  artifactKey: Guid(5313c3d67e4dc6a409b338d279034e71) Importer(815301076,1909f56bfc062723c751e8b465ee728b)
Start importing Assets/Monsters Creatures Fantasy/Animations/Skeleton/hurt.anim using Guid(5313c3d67e4dc6a409b338d279034e71) Importer(815301076,1909f56bfc062723c751e8b465ee728b) (PreviewImporter) -> (artifact id: 'f1a6fe5ef9ab02687a3f84ae87832dfd') in 0.0024974 seconds
Number of updated asset objects reloaded before import = 0Number of asset objects unloaded after import = 1

========================================================================
Received Import Request.
  Time since last request: 0.918545 seconds.
  path: Assets/Monsters Creatures Fantasy/Animations/Skeleton/hurt.anim
  artifactKey: Guid(5313c3d67e4dc6a409b338d279034e71) Importer(2089858483,b0f066a214c2f5e87bad3c948f4d605d)
Start importing Assets/Monsters Creatures Fantasy/Animations/Skeleton/hurt.anim using Guid(5313c3d67e4dc6a409b338d279034e71) Importer(2089858483,b0f066a214c2f5e87bad3c948f4d605d) (ScriptedImporter) -> (artifact id: '8e924e6956b90b49ba6baa56aa68f3d1') in 0.0257335 seconds
Number of updated asset objects reloaded before import = 0Number of asset objects unloaded after import = 1

========================================================================
Received Import Request.
  Time since last request: 11.613541 seconds.
  path: Assets/Monsters Creatures Fantasy/Animations/Skeleton/die.anim
  artifactKey: Guid(a16755de2f788b441a2cedafefabecee) Importer(815301076,1909f56bfc062723c751e8b465ee728b)
Start importing Assets/Monsters Creatures Fantasy/Animations/Skeleton/die.anim using Guid(a16755de2f788b441a2cedafefabecee) Importer(815301076,1909f56bfc062723c751e8b465ee728b) (PreviewImporter) -> (artifact id: '8b433f8bb4d4401b8c28bc77476f0fbf') in 0.0015042 seconds
Number of updated asset objects reloaded before import = 0Number of asset objects unloaded after import = 1

========================================================================
Received Import Request.
  Time since last request: 0.966633 seconds.
  path: Assets/Monsters Creatures Fantasy/Animations/Skeleton/die.anim
  artifactKey: Guid(a16755de2f788b441a2cedafefabecee) Importer(2089858483,b0f066a214c2f5e87bad3c948f4d605d)
Start importing Assets/Monsters Creatures Fantasy/Animations/Skeleton/die.anim using Guid(a16755de2f788b441a2cedafefabecee) Importer(2089858483,b0f066a214c2f5e87bad3c948f4d605d) (ScriptedImporter) -> (artifact id: 'a5a52a4209b97947a234f09161a92749') in 0.0285963 seconds
Number of updated asset objects reloaded before import = 0Number of asset objects unloaded after import = 1

========================================================================
Received Prepare
Begin MonoManager ReloadAssembly
[Licensing::Client] Successfully resolved entitlement details
- Loaded All Assemblies, in  1.290 seconds
Refreshing native plugins compatible for Editor in 1.92 ms, found 4 plugins.
Native extension for WindowsStandalone target not found
Native extension for WebGL target not found
[Package Manager] Failed to launch server process. Reason: Unity was launched with the -noUpm command-line argument
[Package Manager] Unable to send message (not connected to server process).
[Package Manager] Cannot connect to Unity Package Manager local server
ScheduleIndexationOnStartup MainProcess:False IndexOnStartup:True
Mono: successfully reloaded assembly
- Finished resetting the current domain, in  1.519 seconds
Domain Reload Profiling: 2808ms
	BeginReloadAssembly (418ms)
		ExecutionOrderSort (0ms)
		DisableScriptedObjects (30ms)
		BackupInstance (0ms)
		ReleaseScriptingObjects (0ms)
		CreateAndSetChildDomain (101ms)
	RebuildCommonClasses (73ms)
	RebuildNativeTypeToScriptingClass (30ms)
	initialDomainReloadingComplete (61ms)
	LoadAllAssembliesAndSetupDomain (705ms)
		LoadAssemblies (591ms)
		RebuildTransferFunctionScriptingTraits (0ms)
		AnalyzeDomain (309ms)
			TypeCache.Refresh (12ms)
				TypeCache.ScanAssembly (0ms)
			BuildScriptInfoCaches (280ms)
			ResolveRequiredComponents (11ms)
	FinalizeReload (1519ms)
		ReleaseScriptCaches (0ms)
		RebuildScriptCaches (0ms)
		SetupLoadedEditorAssemblies (1264ms)
			LogAssemblyErrors (0ms)
			InitializePlatformSupportModulesInManaged (4ms)
			SetLoadedEditorAssemblies (6ms)
			BeforeProcessingInitializeOnLoad (302ms)
			ProcessInitializeOnLoadAttributes (827ms)
			ProcessInitializeOnLoadMethodAttributes (111ms)
			AfterProcessingInitializeOnLoad (14ms)
			EditorAssembliesLoaded (0ms)
		ExecutionOrderSort2 (0ms)
		AwakeInstancesAfterBackupRestoration (13ms)
Refreshing native plugins compatible for Editor in 2.07 ms, found 4 plugins.
Preloading 0 native plugins for Editor in 0.00 ms.
Unloading 0 Unused Serialized files (Serialized files now loaded: 0)
Unloading 5022 unused Assets / (1.7 MB). Loaded Objects now: 5701.
Memory consumption went from 105.5 MB to 103.8 MB.
Total: 15.088000 ms (FindLiveObjects: 1.166600 ms CreateObjectMapping: 0.548400 ms MarkObjects: 9.943300 ms  DeleteObjects: 3.428500 ms)

Prepare: number of updated asset objects reloaded= 0
========================================================================
Received Prepare
Begin MonoManager ReloadAssembly
[Licensing::Client] Successfully resolved entitlement details
- Loaded All Assemblies, in  1.341 seconds
Refreshing native plugins compatible for Editor in 2.15 ms, found 4 plugins.
Native extension for WindowsStandalone target not found
Native extension for WebGL target not found
[Package Manager] Failed to launch server process. Reason: Unity was launched with the -noUpm command-line argument
[Package Manager] Unable to send message (not connected to server process).
[Package Manager] Cannot connect to Unity Package Manager local server
ScheduleIndexationOnStartup MainProcess:False IndexOnStartup:True
Mono: successfully reloaded assembly
- Finished resetting the current domain, in  1.493 seconds
Domain Reload Profiling: 2830ms
	BeginReloadAssembly (417ms)
		ExecutionOrderSort (0ms)
		DisableScriptedObjects (38ms)
		BackupInstance (0ms)
		ReleaseScriptingObjects (0ms)
		CreateAndSetChildDomain (97ms)
	RebuildCommonClasses (72ms)
	RebuildNativeTypeToScriptingClass (28ms)
	initialDomainReloadingComplete (69ms)
	LoadAllAssembliesAndSetupDomain (749ms)
		LoadAssemblies (632ms)
		RebuildTransferFunctionScriptingTraits (0ms)
		AnalyzeDomain (307ms)
			TypeCache.Refresh (13ms)
				TypeCache.ScanAssembly (0ms)
			BuildScriptInfoCaches (278ms)
			ResolveRequiredComponents (11ms)
	FinalizeReload (1494ms)
		ReleaseScriptCaches (0ms)
		RebuildScriptCaches (0ms)
		SetupLoadedEditorAssemblies (1248ms)
			LogAssemblyErrors (0ms)
			InitializePlatformSupportModulesInManaged (5ms)
			SetLoadedEditorAssemblies (7ms)
			BeforeProcessingInitializeOnLoad (289ms)
			ProcessInitializeOnLoadAttributes (824ms)
			ProcessInitializeOnLoadMethodAttributes (108ms)
			AfterProcessingInitializeOnLoad (15ms)
			EditorAssembliesLoaded (1ms)
		ExecutionOrderSort2 (0ms)
		AwakeInstancesAfterBackupRestoration (14ms)
Refreshing native plugins compatible for Editor in 2.22 ms, found 4 plugins.
Preloading 0 native plugins for Editor in 0.00 ms.
Unloading 0 Unused Serialized files (Serialized files now loaded: 0)
Unloading 5022 unused Assets / (1.3 MB). Loaded Objects now: 5704.
Memory consumption went from 105.5 MB to 104.2 MB.
Total: 14.748600 ms (FindLiveObjects: 1.113500 ms CreateObjectMapping: 0.797900 ms MarkObjects: 10.479200 ms  DeleteObjects: 2.356600 ms)

Prepare: number of updated asset objects reloaded= 0
========================================================================
Received Prepare
Begin MonoManager ReloadAssembly
[Licensing::Client] Successfully resolved entitlement details
- Loaded All Assemblies, in  1.259 seconds
Refreshing native plugins compatible for Editor in 1.97 ms, found 4 plugins.
Native extension for WindowsStandalone target not found
Native extension for WebGL target not found
[Package Manager] Failed to launch server process. Reason: Unity was launched with the -noUpm command-line argument
[Package Manager] Unable to send message (not connected to server process).
[Package Manager] Cannot connect to Unity Package Manager local server
ScheduleIndexationOnStartup MainProcess:False IndexOnStartup:True
Mono: successfully reloaded assembly
- Finished resetting the current domain, in  1.526 seconds
Domain Reload Profiling: 2786ms
	BeginReloadAssembly (402ms)
		ExecutionOrderSort (0ms)
		DisableScriptedObjects (28ms)
		BackupInstance (0ms)
		ReleaseScriptingObjects (0ms)
		CreateAndSetChildDomain (96ms)
	RebuildCommonClasses (80ms)
	RebuildNativeTypeToScriptingClass (30ms)
	initialDomainReloadingComplete (56ms)
	LoadAllAssembliesAndSetupDomain (690ms)
		LoadAssemblies (571ms)
		RebuildTransferFunctionScriptingTraits (0ms)
		AnalyzeDomain (314ms)
			TypeCache.Refresh (12ms)
				TypeCache.ScanAssembly (0ms)
			BuildScriptInfoCaches (284ms)
			ResolveRequiredComponents (12ms)
	FinalizeReload (1528ms)
		ReleaseScriptCaches (0ms)
		RebuildScriptCaches (0ms)
		SetupLoadedEditorAssemblies (1271ms)
			LogAssemblyErrors (0ms)
			InitializePlatformSupportModulesInManaged (4ms)
			SetLoadedEditorAssemblies (6ms)
			BeforeProcessingInitializeOnLoad (305ms)
			ProcessInitializeOnLoadAttributes (830ms)
			ProcessInitializeOnLoadMethodAttributes (112ms)
			AfterProcessingInitializeOnLoad (14ms)
			EditorAssembliesLoaded (1ms)
		ExecutionOrderSort2 (0ms)
		AwakeInstancesAfterBackupRestoration (13ms)
Refreshing native plugins compatible for Editor in 1.95 ms, found 4 plugins.
Preloading 0 native plugins for Editor in 0.00 ms.
Unloading 0 Unused Serialized files (Serialized files now loaded: 0)
Unloading 5022 unused Assets / (1.7 MB). Loaded Objects now: 5707.
Memory consumption went from 105.5 MB to 103.7 MB.
Total: 14.336300 ms (FindLiveObjects: 0.867500 ms CreateObjectMapping: 0.483800 ms MarkObjects: 9.912800 ms  DeleteObjects: 3.070600 ms)

Prepare: number of updated asset objects reloaded= 0
========================================================================
Received Prepare
Begin MonoManager ReloadAssembly
- Loaded All Assemblies, in  1.288 seconds
Refreshing native plugins compatible for Editor in 1.91 ms, found 4 plugins.
Native extension for WindowsStandalone target not found
Native extension for WebGL target not found
[Package Manager] Failed to launch server process. Reason: Unity was launched with the -noUpm command-line argument
[Package Manager] Unable to send message (not connected to server process).
[Package Manager] Cannot connect to Unity Package Manager local server
ScheduleIndexationOnStartup MainProcess:False IndexOnStartup:True
Mono: successfully reloaded assembly
- Finished resetting the current domain, in  1.498 seconds
Domain Reload Profiling: 2785ms
	BeginReloadAssembly (397ms)
		ExecutionOrderSort (0ms)
		DisableScriptedObjects (29ms)
		BackupInstance (0ms)
		ReleaseScriptingObjects (0ms)
		CreateAndSetChildDomain (85ms)
	RebuildCommonClasses (74ms)
	RebuildNativeTypeToScriptingClass (32ms)
	initialDomainReloadingComplete (55ms)
	LoadAllAssembliesAndSetupDomain (728ms)
		LoadAssemblies (582ms)
		RebuildTransferFunctionScriptingTraits (0ms)
		AnalyzeDomain (348ms)
			TypeCache.Refresh (17ms)
				TypeCache.ScanAssembly (0ms)
			BuildScriptInfoCaches (315ms)
			ResolveRequiredComponents (11ms)
	FinalizeReload (1499ms)
		ReleaseScriptCaches (0ms)
		RebuildScriptCaches (0ms)
		SetupLoadedEditorAssemblies (1260ms)
			LogAssemblyErrors (0ms)
			InitializePlatformSupportModulesInManaged (4ms)
			SetLoadedEditorAssemblies (10ms)
			BeforeProcessingInitializeOnLoad (291ms)
			ProcessInitializeOnLoadAttributes (832ms)
			ProcessInitializeOnLoadMethodAttributes (107ms)
			AfterProcessingInitializeOnLoad (15ms)
			EditorAssembliesLoaded (1ms)
		ExecutionOrderSort2 (0ms)
		AwakeInstancesAfterBackupRestoration (14ms)
Refreshing native plugins compatible for Editor in 2.02 ms, found 4 plugins.
Preloading 0 native plugins for Editor in 0.00 ms.
Unloading 0 Unused Serialized files (Serialized files now loaded: 0)
Unloading 5022 unused Assets / (1.6 MB). Loaded Objects now: 5710.
Memory consumption went from 105.5 MB to 103.9 MB.
Total: 14.446100 ms (FindLiveObjects: 0.854700 ms CreateObjectMapping: 0.586200 ms MarkObjects: 10.133300 ms  DeleteObjects: 2.870800 ms)

Prepare: number of updated asset objects reloaded= 0
========================================================================
Received Prepare
Begin MonoManager ReloadAssembly
[Licensing::Client] Successfully resolved entitlement details
- Loaded All Assemblies, in  1.271 seconds
Refreshing native plugins compatible for Editor in 2.13 ms, found 4 plugins.
Native extension for WindowsStandalone target not found
Native extension for WebGL target not found
[Package Manager] Failed to launch server process. Reason: Unity was launched with the -noUpm command-line argument
[Package Manager] Unable to send message (not connected to server process).
[Package Manager] Cannot connect to Unity Package Manager local server
ScheduleIndexationOnStartup MainProcess:False IndexOnStartup:True
Mono: successfully reloaded assembly
- Finished resetting the current domain, in  1.473 seconds
Domain Reload Profiling: 2738ms
	BeginReloadAssembly (381ms)
		ExecutionOrderSort (0ms)
		DisableScriptedObjects (25ms)
		BackupInstance (0ms)
		ReleaseScriptingObjects (0ms)
		CreateAndSetChildDomain (79ms)
	RebuildCommonClasses (90ms)
	RebuildNativeTypeToScriptingClass (30ms)
	initialDomainReloadingComplete (59ms)
	LoadAllAssembliesAndSetupDomain (704ms)
		LoadAssemblies (588ms)
		RebuildTransferFunctionScriptingTraits (0ms)
		AnalyzeDomain (310ms)
			TypeCache.Refresh (13ms)
				TypeCache.ScanAssembly (0ms)
			BuildScriptInfoCaches (281ms)
			ResolveRequiredComponents (11ms)
	FinalizeReload (1474ms)
		ReleaseScriptCaches (0ms)
		RebuildScriptCaches (0ms)
		SetupLoadedEditorAssemblies (1231ms)
			LogAssemblyErrors (0ms)
			InitializePlatformSupportModulesInManaged (4ms)
			SetLoadedEditorAssemblies (9ms)
			BeforeProcessingInitializeOnLoad (287ms)
			ProcessInitializeOnLoadAttributes (809ms)
			ProcessInitializeOnLoadMethodAttributes (108ms)
			AfterProcessingInitializeOnLoad (13ms)
			EditorAssembliesLoaded (0ms)
		ExecutionOrderSort2 (0ms)
		AwakeInstancesAfterBackupRestoration (15ms)
Refreshing native plugins compatible for Editor in 1.96 ms, found 4 plugins.
Preloading 0 native plugins for Editor in 0.00 ms.
Unloading 0 Unused Serialized files (Serialized files now loaded: 0)
Unloading 5022 unused Assets / (1.3 MB). Loaded Objects now: 5713.
Memory consumption went from 105.5 MB to 104.2 MB.
Total: 12.807800 ms (FindLiveObjects: 0.778900 ms CreateObjectMapping: 0.515600 ms MarkObjects: 9.297600 ms  DeleteObjects: 2.214300 ms)

Prepare: number of updated asset objects reloaded= 0
========================================================================
Received Prepare
Begin MonoManager ReloadAssembly
[Licensing::Client] Successfully resolved entitlement details
- Loaded All Assemblies, in  1.380 seconds
Refreshing native plugins compatible for Editor in 1.92 ms, found 4 plugins.
Native extension for WindowsStandalone target not found
Native extension for WebGL target not found
[Package Manager] Failed to launch server process. Reason: Unity was launched with the -noUpm command-line argument
[Package Manager] Unable to send message (not connected to server process).
[Package Manager] Cannot connect to Unity Package Manager local server
ScheduleIndexationOnStartup MainProcess:False IndexOnStartup:True
Mono: successfully reloaded assembly
- Finished resetting the current domain, in  1.472 seconds
Domain Reload Profiling: 2851ms
	BeginReloadAssembly (422ms)
		ExecutionOrderSort (0ms)
		DisableScriptedObjects (31ms)
		BackupInstance (0ms)
		ReleaseScriptingObjects (0ms)
		CreateAndSetChildDomain (97ms)
	RebuildCommonClasses (75ms)
	RebuildNativeTypeToScriptingClass (29ms)
	initialDomainReloadingComplete (60ms)
	LoadAllAssembliesAndSetupDomain (793ms)
		LoadAssemblies (680ms)
		RebuildTransferFunctionScriptingTraits (0ms)
		AnalyzeDomain (321ms)
			TypeCache.Refresh (13ms)
				TypeCache.ScanAssembly (0ms)
			BuildScriptInfoCaches (292ms)
			ResolveRequiredComponents (10ms)
	FinalizeReload (1473ms)
		ReleaseScriptCaches (0ms)
		RebuildScriptCaches (0ms)
		SetupLoadedEditorAssemblies (1237ms)
			LogAssemblyErrors (0ms)
			InitializePlatformSupportModulesInManaged (4ms)
			SetLoadedEditorAssemblies (9ms)
			BeforeProcessingInitializeOnLoad (290ms)
			ProcessInitializeOnLoadAttributes (812ms)
			ProcessInitializeOnLoadMethodAttributes (108ms)
			AfterProcessingInitializeOnLoad (13ms)
			EditorAssembliesLoaded (1ms)
		ExecutionOrderSort2 (0ms)
		AwakeInstancesAfterBackupRestoration (13ms)
Refreshing native plugins compatible for Editor in 1.91 ms, found 4 plugins.
Preloading 0 native plugins for Editor in 0.00 ms.
Unloading 0 Unused Serialized files (Serialized files now loaded: 0)
Unloading 5022 unused Assets / (2.0 MB). Loaded Objects now: 5716.
Memory consumption went from 105.5 MB to 103.5 MB.
Total: 15.550300 ms (FindLiveObjects: 0.768000 ms CreateObjectMapping: 0.495800 ms MarkObjects: 9.257600 ms  DeleteObjects: 5.026900 ms)

Prepare: number of updated asset objects reloaded= 0
========================================================================
Received Prepare
Begin MonoManager ReloadAssembly
[Licensing::Client] Successfully resolved entitlement details
- Loaded All Assemblies, in  1.251 seconds
Refreshing native plugins compatible for Editor in 1.92 ms, found 4 plugins.
Native extension for WindowsStandalone target not found
Native extension for WebGL target not found
[Package Manager] Failed to launch server process. Reason: Unity was launched with the -noUpm command-line argument
[Package Manager] Unable to send message (not connected to server process).
[Package Manager] Cannot connect to Unity Package Manager local server
ScheduleIndexationOnStartup MainProcess:False IndexOnStartup:True
Mono: successfully reloaded assembly
- Finished resetting the current domain, in  1.501 seconds
Domain Reload Profiling: 2750ms
	BeginReloadAssembly (411ms)
		ExecutionOrderSort (0ms)
		DisableScriptedObjects (26ms)
		BackupInstance (0ms)
		ReleaseScriptingObjects (0ms)
		CreateAndSetChildDomain (96ms)
	RebuildCommonClasses (77ms)
	RebuildNativeTypeToScriptingClass (28ms)
	initialDomainReloadingComplete (58ms)
	LoadAllAssembliesAndSetupDomain (674ms)
		LoadAssemblies (567ms)
		RebuildTransferFunctionScriptingTraits (0ms)
		AnalyzeDomain (308ms)
			TypeCache.Refresh (12ms)
				TypeCache.ScanAssembly (0ms)
			BuildScriptInfoCaches (281ms)
			ResolveRequiredComponents (11ms)
	FinalizeReload (1501ms)
		ReleaseScriptCaches (0ms)
		RebuildScriptCaches (0ms)
		SetupLoadedEditorAssemblies (1271ms)
			LogAssemblyErrors (0ms)
			InitializePlatformSupportModulesInManaged (4ms)
			SetLoadedEditorAssemblies (9ms)
			BeforeProcessingInitializeOnLoad (287ms)
			ProcessInitializeOnLoadAttributes (856ms)
			ProcessInitializeOnLoadMethodAttributes (102ms)
			AfterProcessingInitializeOnLoad (13ms)
			EditorAssembliesLoaded (0ms)
		ExecutionOrderSort2 (0ms)
		AwakeInstancesAfterBackupRestoration (12ms)
Refreshing native plugins compatible for Editor in 1.99 ms, found 4 plugins.
Preloading 0 native plugins for Editor in 0.00 ms.
Unloading 0 Unused Serialized files (Serialized files now loaded: 0)
Unloading 5022 unused Assets / (1.0 MB). Loaded Objects now: 5719.
Memory consumption went from 105.5 MB to 104.5 MB.
Total: 12.465800 ms (FindLiveObjects: 0.782000 ms CreateObjectMapping: 0.471700 ms MarkObjects: 9.382700 ms  DeleteObjects: 1.828200 ms)

Prepare: number of updated asset objects reloaded= 0
========================================================================
Received Prepare
Begin MonoManager ReloadAssembly
[Licensing::Client] Successfully resolved entitlement details
- Loaded All Assemblies, in  1.280 seconds
Refreshing native plugins compatible for Editor in 1.92 ms, found 4 plugins.
Native extension for WindowsStandalone target not found
Native extension for WebGL target not found
[Package Manager] Failed to launch server process. Reason: Unity was launched with the -noUpm command-line argument
[Package Manager] Unable to send message (not connected to server process).
[Package Manager] Cannot connect to Unity Package Manager local server
ScheduleIndexationOnStartup MainProcess:False IndexOnStartup:True
Mono: successfully reloaded assembly
- Finished resetting the current domain, in  1.507 seconds
Domain Reload Profiling: 2786ms
	BeginReloadAssembly (392ms)
		ExecutionOrderSort (0ms)
		DisableScriptedObjects (29ms)
		BackupInstance (0ms)
		ReleaseScriptingObjects (0ms)
		CreateAndSetChildDomain (83ms)
	RebuildCommonClasses (73ms)
	RebuildNativeTypeToScriptingClass (28ms)
	initialDomainReloadingComplete (57ms)
	LoadAllAssembliesAndSetupDomain (727ms)
		LoadAssemblies (607ms)
		RebuildTransferFunctionScriptingTraits (0ms)
		AnalyzeDomain (316ms)
			TypeCache.Refresh (16ms)
				TypeCache.ScanAssembly (0ms)
			BuildScriptInfoCaches (283ms)
			ResolveRequiredComponents (11ms)
	FinalizeReload (1508ms)
		ReleaseScriptCaches (0ms)
		RebuildScriptCaches (0ms)
		SetupLoadedEditorAssemblies (1266ms)
			LogAssemblyErrors (0ms)
			InitializePlatformSupportModulesInManaged (4ms)
			SetLoadedEditorAssemblies (7ms)
			BeforeProcessingInitializeOnLoad (305ms)
			ProcessInitializeOnLoadAttributes (822ms)
			ProcessInitializeOnLoadMethodAttributes (114ms)
			AfterProcessingInitializeOnLoad (14ms)
			EditorAssembliesLoaded (0ms)
		ExecutionOrderSort2 (0ms)
		AwakeInstancesAfterBackupRestoration (16ms)
Refreshing native plugins compatible for Editor in 2.06 ms, found 4 plugins.
Preloading 0 native plugins for Editor in 0.00 ms.
Unloading 0 Unused Serialized files (Serialized files now loaded: 0)
Unloading 5022 unused Assets / (2.1 MB). Loaded Objects now: 5722.
Memory consumption went from 105.5 MB to 103.4 MB.
Total: 18.958300 ms (FindLiveObjects: 1.042400 ms CreateObjectMapping: 0.787400 ms MarkObjects: 13.057600 ms  DeleteObjects: 4.068700 ms)

Prepare: number of updated asset objects reloaded= 0
========================================================================
Received Prepare
Begin MonoManager ReloadAssembly
- Loaded All Assemblies, in  1.276 seconds
Refreshing native plugins compatible for Editor in 1.95 ms, found 4 plugins.
Native extension for WindowsStandalone target not found
Native extension for WebGL target not found
[Package Manager] Failed to launch server process. Reason: Unity was launched with the -noUpm command-line argument
[Package Manager] Unable to send message (not connected to server process).
[Package Manager] Cannot connect to Unity Package Manager local server
ScheduleIndexationOnStartup MainProcess:False IndexOnStartup:True
Mono: successfully reloaded assembly
- Finished resetting the current domain, in  1.468 seconds
Domain Reload Profiling: 2743ms
	BeginReloadAssembly (408ms)
		ExecutionOrderSort (0ms)
		DisableScriptedObjects (40ms)
		BackupInstance (0ms)
		ReleaseScriptingObjects (0ms)
		CreateAndSetChildDomain (87ms)
	RebuildCommonClasses (79ms)
	RebuildNativeTypeToScriptingClass (32ms)
	initialDomainReloadingComplete (62ms)
	LoadAllAssembliesAndSetupDomain (691ms)
		LoadAssemblies (580ms)
		RebuildTransferFunctionScriptingTraits (0ms)
		AnalyzeDomain (306ms)
			TypeCache.Refresh (12ms)
				TypeCache.ScanAssembly (0ms)
			BuildScriptInfoCaches (277ms)
			ResolveRequiredComponents (12ms)
	FinalizeReload (1469ms)
		ReleaseScriptCaches (0ms)
		RebuildScriptCaches (0ms)
		SetupLoadedEditorAssemblies (1225ms)
			LogAssemblyErrors (0ms)
			InitializePlatformSupportModulesInManaged (4ms)
			SetLoadedEditorAssemblies (6ms)
			BeforeProcessingInitializeOnLoad (282ms)
			ProcessInitializeOnLoadAttributes (807ms)
			ProcessInitializeOnLoadMethodAttributes (110ms)
			AfterProcessingInitializeOnLoad (15ms)
			EditorAssembliesLoaded (0ms)
		ExecutionOrderSort2 (0ms)
		AwakeInstancesAfterBackupRestoration (15ms)
Refreshing native plugins compatible for Editor in 3.64 ms, found 4 plugins.
Preloading 0 native plugins for Editor in 0.00 ms.
Unloading 0 Unused Serialized files (Serialized files now loaded: 0)
Unloading 5022 unused Assets / (1.1 MB). Loaded Objects now: 5725.
Memory consumption went from 105.5 MB to 104.4 MB.
Total: 17.464800 ms (FindLiveObjects: 1.150100 ms CreateObjectMapping: 0.886000 ms MarkObjects: 13.149200 ms  DeleteObjects: 2.277200 ms)

Prepare: number of updated asset objects reloaded= 0
